X,Y,RowID,CrimeDateTime,CrimeCode,Location,Description,Inside_Outside,Weapon,Post,Gender,Age,Race,Ethnicity,District,Neighborhood,Latitude,Longitude,GeoLocation,Premise,VRIName,Total_Incidents
-76.5706,39.2925000000001,661,2022/07/25 17:30:00+00,5A,3300 E BALTIMORE ST,BURGLARY,,,222,,,,,SOUTHEAST,PATTERSON PARK NEIGHBORHOOD,39.2925,-76.5706,"(39.2925,-76.5706)",,,1
-76.5501,39.301,662,2022/07/25 19:00:00+00,5B,5600 PULASKI HWY,BURGLARY,,,433,,,,,NORTHEAST,PULASKI INDUSTRIAL AREA,39.301,-76.5501,"(39.301,-76.5501)",,,1
-76.5828999999999,39.2930000000001,689,2022/07/25 00:00:00+00,5F,2400 E FAIRMOUNT AVE,BURGLARY,,,221,F,31,WHITE,,SOUTHEAST,PATTERSON PLACE,39.293,-76.5829,"(39.293,-76.5829)",,,1
-76.5828999999999,39.2930000000001,690,2022/07/25 00:00:00+00,5F,2400 E FAIRMOUNT AVE,BURGLARY,,,221,M,30,WHITE,,SOUTHEAST,PATTERSON PLACE,39.293,-76.5829,"(39.293,-76.5829)",,,1
-76.6188,39.3033,698,2022/07/25 03:38:00+00,5B,1000 PARK AVE,BURGLARY,,,134,,,,,CENTRAL,MID-TOWN BELVEDERE,39.3033,-76.6188,"(39.3033,-76.6188)",,,1
-76.6831,39.3471000000001,703,2022/07/25 06:15:00+00,5F,3800 HAYWARD AVE,BURGLARY,,,633,,,,,NORTHWEST,ARLINGTON,39.3471,-76.6831,"(39.3471,-76.6831)",,Northwestern,1
-76.6383999999999,39.3151,705,2022/07/25 10:26:00+00,5F,2500 EUTAW PL,BURGLARY,,,133,,,,,CENTRAL,RESERVOIR HILL,39.3151,-76.6384,"(39.3151,-76.6384)",,,1
-76.5821999999999,39.2958,734,2022/07/25 16:00:00+00,5A,400 N MILTON AVE,BURGLARY,,,221,M,26,WHITE,,SOUTHEAST,MCELDERRY PARK,39.2958,-76.5822,"(39.2958,-76.5822)",,,1
-76.6181,39.3153,747,2022/07/25 13:30:00+00,5A,2300 MARYLAND AVE,BURGLARY,,,514,M,52,WHITE,NOT_HISPANIC_OR_LATINO,NORTHERN,OLD GOUCHER,39.3153,-76.6181,"(39.3153,-76.6181)",,,1
-76.5463,39.3391,748,2022/07/25 11:40:00+00,5F,4300 BERGER AVE,BURGLARY,,,444,M,54,WHITE,NOT_HISPANIC_OR_LATINO,NORTHEAST,FRANKFORD,39.3391,-76.5463,"(39.3391,-76.5463)",,,1
-76.5463,39.3391,749,2022/07/25 11:40:00+00,5F,4300 BERGER AVE,BURGLARY,,,444,M,34,WHITE,NOT_HISPANIC_OR_LATINO,NORTHEAST,FRANKFORD,39.3391,-76.5463,"(39.3391,-76.5463)",,,1
-76.6058,39.2707,759,2022/07/25 14:06:00+00,5A,1700 BELT ST,BURGLARY,,,943,F,29,WHITE,,SOUTHERN,RIVERSIDE,39.2707,-76.6058,"(39.2707,-76.6058)",,,1
-76.6854999999999,39.3716000000001,761,2022/07/25 18:25:00+00,5A,2600 GAGE CT,BURGLARY,,,632,F,29,BLACK_OR_AFRICAN_AMERICAN,,NORTHWEST,CHESWOLDE,39.3716,-76.6855,"(39.3716,-76.6855)",,,1
-76.6283,39.2751000000001,778,2022/07/25 16:00:00+00,5B,1500 RIDGELY ST,BURGLARY,,,941,M,70,WHITE,,SOUTHERN,CARROLL - CAMDEN INDUSTRIAL AREA,39.2751,-76.6283,"(39.2751,-76.6283)",,,1
-76.6197,39.2904,813,2022/07/12 12:35:00+00,5F,300 W FAYETTE ST,BURGLARY,,,114,F,34,BLACK_OR_AFRICAN_AMERICAN,,CENTRAL,DOWNTOWN,39.2904,-76.6197,"(39.2904,-76.6197)",,,1
-76.6820999999999,39.3379,828,2022/07/12 17:28:00+00,5A,3900 FERNHILL AVE,BURGLARY,,,625,M,60,,UNKNOWN,NORTHWEST,DOLFIELD,39.3379,-76.6821,"(39.3379,-76.6821)",,,1
-76.6509,39.2813,834,2022/07/12 19:00:00+00,5F,500 S SMALLWOOD ST,BURGLARY,,,834,,,,,SOUTHWEST,CARROLLTON RIDGE,39.2813,-76.6509,"(39.2813,-76.6509)",,Tri-District,1
-76.6566,39.3161000000001,836,2022/07/12 04:38:00+00,5B,2500 GWYNNS FALLS PKWY,BURGLARY,,,731,,,,,WESTERN,MONDAWMIN,39.3161,-76.6566,"(39.3161,-76.6566)",,,1
-76.6365,39.3083,1094,2022/07/12 18:40:00+00,5F,2100 DRUID HILL AVE,BURGLARY,,,131,F,28,BLACK_OR_AFRICAN_AMERICAN,,CENTRAL,DRUID HEIGHTS,39.3083,-76.6365,"(39.3083,-76.6365)",,,1
-76.6365,39.3083,1095,2022/07/12 18:40:00+00,5F,2100 DRUID HILL AVE,BURGLARY,,,131,F,26,BLACK_OR_AFRICAN_AMERICAN,,CENTRAL,DRUID HEIGHTS,39.3083,-76.6365,"(39.3083,-76.6365)",,,1
-76.6240999999999,39.3070000000001,1097,2022/07/12 02:40:00+00,5A,1400 PARK AVE,BURGLARY,,,132,F,13,BLACK_OR_AFRICAN_AMERICAN,NOT_HISPANIC_OR_LATINO,CENTRAL,BOLTON HILL,39.307,-76.6241,"(39.307,-76.6241)",,,1
-76.607,39.3027000000001,1099,2022/07/12 10:30:00+00,5A,700 E CHASE ST,BURGLARY,,,313,M,36,WHITE,,EASTERN,JOHNSTON SQUARE,39.3027,-76.607,"(39.3027,-76.607)",,,1
-76.5979,39.2344000000001,1444,2022/07/24 10:30:00+00,5F,3600 9TH ST,BURGLARY,,,913,M,41,WHITE,,SOUTHERN,BROOKLYN,39.2344,-76.5979,"(39.2344,-76.5979)",,Brooklyn,1
-76.5923999999999,39.2866000000001,1770,2022/07/24 13:00:00+00,5A,1700 BANK ST,BURGLARY,,,213,M,63,WHITE,,SOUTHEAST,UPPER FELLS POINT,39.2866,-76.5924,"(39.2866,-76.5924)",,,1
-76.5923,39.2847,1781,2022/07/24 02:00:00+00,5F,1700 FLEET ST,BURGLARY,,,213,M,66,WHITE,,SOUTHEAST,FELLS POINT,39.2847,-76.5923,"(39.2847,-76.5923)",,,1
-76.6496999999999,39.2661000000001,1790,2022/07/24 18:00:00+00,5F,2000 GRINNALDS AVE,BURGLARY,,,831,F,28,BLACK_OR_AFRICAN_AMERICAN,UNKNOWN,SOUTHWEST,MORRELL PARK,39.2661,-76.6497,"(39.2661,-76.6497)",,,1
-76.5707,39.3664000000001,1792,2022/07/24 15:15:00+00,5F,2200 PINEWOOD AVE,BURGLARY,,,423,F,73,BLACK_OR_AFRICAN_AMERICAN,NOT_HISPANIC_OR_LATINO,NORTHEAST,HAMILTON HILLS,39.3664,-76.5707,"(39.3664,-76.5707)",,,1
-76.6704,39.3629,1804,2022/07/24 19:00:00+00,5F,2400 CREST RD,BURGLARY,,,533,F,51,,,NORTHERN,MOUNT WASHINGTON,39.3629,-76.6704,"(39.3629,-76.6704)",,,1
-76.6530999999999,39.2912000000001,1890,2022/07/11 15:45:00+00,5F,200 N BENTALOU ST,BURGLARY,,,714,M,47,WHITE,,WESTERN,PENROSE/FAYETTE STREET OUTREACH,39.2912,-76.6531,"(39.2912,-76.6531)",,,1
-76.5907,39.2868,1892,2022/07/11 17:30:00+00,5A,1800 BANK ST,BURGLARY,,,212,F,45,BLACK_OR_AFRICAN_AMERICAN,,SOUTHEAST,UPPER FELLS POINT,39.2868,-76.5907,"(39.2868,-76.5907)",,,1
-76.6623999999999,39.3616000000001,1894,2022/07/11 22:30:00+00,5A,2200 SOUTH RD,BURGLARY,,,533,F,57,WHITE,NOT_HISPANIC_OR_LATINO,NORTHERN,MOUNT WASHINGTON,39.3616,-76.6624,"(39.3616,-76.6624)",,,1
-76.6115,39.3078,1904,2022/07/11 13:10:00+00,5F,300 E FEDERAL ST,BURGLARY,,,313,M,33,WHITE,,EASTERN,GREENMOUNT WEST,39.3078,-76.6115,"(39.3078,-76.6115)",,,1
-76.6145999999999,39.3248,1960,2022/07/11 23:00:00+00,5F,3000 N CALVERT ST,BURGLARY,,,512,M,45,WHITE,UNKNOWN,NORTHERN,CHARLES VILLAGE,39.3248,-76.6146,"(39.3248,-76.6146)",,,1
-76.7051,39.3631,1962,2022/07/11 14:00:00+00,5B,3800 FALLSTAFF RD,BURGLARY,,,631,M,52,BLACK_OR_AFRICAN_AMERICAN,UNKNOWN,NORTHWEST,FALLSTAFF,39.3631,-76.7051,"(39.3631,-76.7051)",,,1
-76.6107,39.2364000000001,1963,2022/07/11 03:45:00+00,5B,3800 S HANOVER ST,BURGLARY,,,913,,,,,SOUTHERN,BROOKLYN,39.2364,-76.6107,"(39.2364,-76.6107)",,,1
-76.6530999999999,39.2912000000001,1995,2022/07/11 15:45:00+00,5F,200 N BENTALOU ST,BURGLARY,,,714,,,,,WESTERN,PENROSE/FAYETTE STREET OUTREACH,39.2912,-76.6531,"(39.2912,-76.6531)",,,1
-76.6777999999999,39.3719,2016,2022/07/24 04:20:00+00,5A,6300 GREEN MEADOW PKWY,BURGLARY,,,632,M,48,WHITE,,NORTHWEST,CHESWOLDE,39.3719,-76.6778,"(39.3719,-76.6778)",,,1
-76.6079,39.3245000000001,2029,2022/07/24 21:00:00+00,5A,3000 FRISBY ST,BURGLARY,,,513,M,43,,,NORTHERN,BETTER WAVERLY,39.3245,-76.6079,"(39.3245,-76.6079)",,,1
-76.5674,39.2908,2280,2022/07/24 14:00:00+00,5A,100 S CONKLING ST,BURGLARY,,,223,,,,,SOUTHEAST,BALTIMORE HIGHLANDS,39.2908,-76.5674,"(39.2908,-76.5674)",,,1
-76.5681999999999,39.2924,2284,2022/07/24 03:17:00+00,5B,3500 E BALTIMORE ST,BURGLARY,,,223,,,,,SOUTHEAST,BALTIMORE HIGHLANDS,39.2924,-76.5682,"(39.2924,-76.5682)",,,1
-76.6034999999999,39.2947,2285,2022/07/24 04:12:00+00,5B,1000 ORLEANS ST,BURGLARY,,,211,,,,,SOUTHEAST,PLEASANT VIEW GARDENS,39.2947,-76.6035,"(39.2947,-76.6035)",,,1
-76.5402,39.3446000000001,2287,2022/07/23 15:00:00+00,5F,4300 GLENARM AVE,BURGLARY,,,445,M,35,BLACK_OR_AFRICAN_AMERICAN,NOT_HISPANIC_OR_LATINO,NORTHEAST,CEDMONT,39.3446,-76.5402,"(39.3446,-76.5402)",,,1
-76.5966,39.3036000000001,2288,2022/07/23 06:00:00+00,5A,1100 N BOND ST,BURGLARY,,,323,M,74,WHITE,,EASTERN,GAY STREET,39.3036,-76.5966,"(39.3036,-76.5966)",,,1
-76.6826,39.3467000000001,2291,2022/07/23 02:40:00+00,5F,5200 CORDELIA AVE,BURGLARY,,,633,F,38,UNKNOWN,HISPANIC_OR_LATINO,NORTHWEST,ARLINGTON,39.3467,-76.6826,"(39.3467,-76.6826)",,Northwestern,1
-76.5887,39.2292,2351,2022/07/23 23:45:00+00,5A,1600 POPLAND ST,BURGLARY,,,911,F,29,BLACK_OR_AFRICAN_AMERICAN,NOT_HISPANIC_OR_LATINO,SOUTHERN,CURTIS BAY,39.2292,-76.5887,"(39.2292,-76.5887)",,,1
-76.5961,39.2854,2527,2022/07/11 21:00:00+00,5A,500 S DALLAS ST,BURGLARY,,,213,M,42,WHITE,NOT_HISPANIC_OR_LATINO,SOUTHEAST,FELLS POINT,39.2854,-76.5961,"(39.2854,-76.5961)",,,1
-76.5602,39.3477,2531,2022/07/11 03:20:00+00,5F,3300 ECHODALE AVE,BURGLARY,,,426,F,26,WHITE,HISPANIC_OR_LATINO,NORTHEAST,WALTHERSON,39.3477,-76.5602,"(39.3477,-76.5602)",,,1
-76.7098,39.3291,2534,2022/07/11 13:30:00+00,5A,5500 BOSWORTH AVE,BURGLARY,,,622,F,51,,UNKNOWN,NORTHWEST,HOWARD PARK,39.3291,-76.7098,"(39.3291,-76.7098)",,,1
-76.5644,39.2903000000001,2537,2022/07/11 15:30:00+00,5F,3900 E PRATT ST,BURGLARY,,,223,M,32,WHITE,NOT_HISPANIC_OR_LATINO,SOUTHEAST,HIGHLANDTOWN,39.2903,-76.5644,"(39.2903,-76.5644)",,,1
-76.599,39.3088000000001,2541,2022/07/11 17:00:00+00,5A,1600 N SPRING ST,BURGLARY,,,314,M,45,BLACK_OR_AFRICAN_AMERICAN,,EASTERN,OLIVER,39.3088,-76.599,"(39.3088,-76.599)",,Eastern 1,1
-76.5948999999999,39.2944000000001,2590,2022/07/11 03:30:00+00,5F,200 N BETHEL CT,BURGLARY,,,212,F,24,BLACK_OR_AFRICAN_AMERICAN,UNKNOWN,SOUTHEAST,DUNBAR-BROADWAY,39.2944,-76.5949,"(39.2944,-76.5949)",,,1
-76.6502,39.2687000000001,2739,2022/07/10 16:00:00+00,5A,2300 WASHINGTON BLVD,BURGLARY,,,831,F,32,,UNKNOWN,SOUTHWEST,MORRELL PARK,39.2687,-76.6502,"(39.2687,-76.6502)",,,1
-76.6024,39.2322,2817,2022/07/10 05:30:00+00,5F,3900 BROOKLYN AVE,BURGLARY,,PERSONAL_WEAPONS,913,F,30,WHITE,NOT_HISPANIC_OR_LATINO,SOUTHERN,BROOKLYN,39.2322,-76.6024,"(39.2322,-76.6024)",,,1
-76.6711999999999,39.3412000000001,2820,2022/07/10 14:30:00+00,5F,3400 SAINT AMBROSE AVE,BURGLARY,,,614,F,35,BLACK_OR_AFRICAN_AMERICAN,,NORTHWEST,CENTRAL PARK HEIGHTS,39.3412,-76.6712,"(39.3412,-76.6712)",,,1
-76.5807,39.2949,2853,2022/07/10 16:30:00+00,5A,200 N LUZERNE AVE,BURGLARY,,,221,M,33,WHITE,,SOUTHEAST,MCELDERRY PARK,39.2949,-76.5807,"(39.2949,-76.5807)",,,1
-76.5957999999999,39.3042,2890,2022/07/10 15:00:00+00,5F,1600 E BIDDLE ST,BURGLARY,,,314,M,30,BLACK_OR_AFRICAN_AMERICAN,,EASTERN,GAY STREET,39.3042,-76.5958,"(39.3042,-76.5958)",,,1
-76.6729999999999,39.3049,2901,2022/07/10 03:35:00+00,5A,3300 BRIGHTON ST,BURGLARY,,,813,,,,,SOUTHWEST,ROSEMONT,39.3049,-76.673,"(39.3049,-76.673)",,,1
-76.6081,39.3116000000001,2942,2022/07/10 10:30:00+00,5A,700 E NORTH AVE,BURGLARY,,,312,M,44,BLACK_OR_AFRICAN_AMERICAN,,EASTERN,EAST BALTIMORE MIDWAY,39.3116,-76.6081,"(39.3116,-76.6081)",,,1
-76.6081,39.3116000000001,2943,2022/07/10 10:30:00+00,5A,700 E NORTH AVE,BURGLARY,,,312,F,39,BLACK_OR_AFRICAN_AMERICAN,,EASTERN,EAST BALTIMORE MIDWAY,39.3116,-76.6081,"(39.3116,-76.6081)",,,1
-76.5321,39.3306000000001,3099,2022/07/09 20:30:00+00,5A,5900 RADECKE AVE,BURGLARY,,,441,M,21,BLACK_OR_AFRICAN_AMERICAN,,NORTHEAST,CEDONIA,39.3306,-76.5321,"(39.3306,-76.5321)",,,1
-76.6765,39.2888,3142,2022/07/09 07:00:00+00,5A,100 DENISON ST,BURGLARY,,,824,F,28,BLACK_OR_AFRICAN_AMERICAN,NOT_HISPANIC_OR_LATINO,SOUTHWEST,ALLENDALE,39.2888,-76.6765,"(39.2888,-76.6765)",,,1
-76.6826,39.3467000000001,3308,2022/07/23 02:40:00+00,5F,5200 CORDELIA AVE,BURGLARY,,,633,F,38,WHITE,NOT_HISPANIC_OR_LATINO,NORTHWEST,ARLINGTON,39.3467,-76.6826,"(39.3467,-76.6826)",,Northwestern,1
-76.6475,39.3678,3390,2022/07/09 09:00:00+00,5F,5800 CLARKS HL,BURGLARY,,,533,M,51,WHITE,NOT_HISPANIC_OR_LATINO,NORTHERN,NORTH ROLAND PARK/POPLAR HILL,39.3678,-76.6475,"(39.3678,-76.6475)",,,1
-76.6501,39.2644000000001,3428,2022/07/08 05:00:00+00,5A,2100 WHISTLER AVE,BURGLARY,,,831,M,20,BLACK_OR_AFRICAN_AMERICAN,NOT_HISPANIC_OR_LATINO,SOUTHWEST,MORRELL PARK,39.2644,-76.6501,"(39.2644,-76.6501)",,,1
-76.6501,39.2644000000001,3459,2022/07/08 05:00:00+00,5A,2100 WHISTLER AVE,BURGLARY,,,831,M,,BLACK_OR_AFRICAN_AMERICAN,NOT_HISPANIC_OR_LATINO,SOUTHWEST,MORRELL PARK,39.2644,-76.6501,"(39.2644,-76.6501)",,,1
-76.6024,39.2322,3575,2022/07/23 18:00:00+00,5A,3900 BROOKLYN AVE,BURGLARY,,,913,M,35,WHITE,,SOUTHERN,BROOKLYN,39.2322,-76.6024,"(39.2322,-76.6024)",,,1
-76.6339,39.3086000000001,3577,2022/07/23 19:30:00+00,5F,2000 MADISON AVE,BURGLARY,,,131,F,48,BLACK_OR_AFRICAN_AMERICAN,UNKNOWN,CENTRAL,DRUID HEIGHTS,39.3086,-76.6339,"(39.3086,-76.6339)",,,1
-76.5907999999999,39.2855000000001,3583,2022/07/23 00:00:00+00,5A,500 S DURHAM ST,BURGLARY,,,213,M,28,WHITE,NOT_HISPANIC_OR_LATINO,SOUTHEAST,FELLS POINT,39.2855,-76.5908,"(39.2855,-76.5908)",,,1
-76.5993999999999,39.2351,3590,2022/07/22 04:15:00+00,5A,3600 BROOKLYN AVE,BURGLARY,,,913,F,60,WHITE,,SOUTHERN,BROOKLYN,39.2351,-76.5994,"(39.2351,-76.5994)",,Brooklyn,1
-76.669,39.3606,3600,2022/07/22 18:30:00+00,5A,2400 BRAMBLETON RD,BURGLARY,,,533,F,52,WHITE,,NORTHERN,MOUNT WASHINGTON,39.3606,-76.669,"(39.3606,-76.669)",,,1
-76.6736,39.3065,3611,2022/07/22 15:00:00+00,5A,3300 WINTERBOURNE RD,BURGLARY,,,813,M,38,BLACK_OR_AFRICAN_AMERICAN,UNKNOWN,SOUTHWEST,ROSEMONT,39.3065,-76.6736,"(39.3065,-76.6736)",,,1
-76.6498999999999,39.2835000000001,3616,2022/07/22 10:00:00+00,5F,300 S PULASKI ST,BURGLARY,,,834,M,47,,HISPANIC_OR_LATINO,SOUTHWEST,CARROLLTON RIDGE,39.2835,-76.6499,"(39.2835,-76.6499)",,Tri-District,1
-76.6518,39.2824000000001,3624,2022/07/22 17:00:00+00,5F,400 FURROW ST,BURGLARY,,,834,M,66,ASIAN,SOUTH_ASIAN,SOUTHWEST,CARROLLTON RIDGE,39.2824,-76.6518,"(39.2824,-76.6518)",,Tri-District,1
-76.6679,39.3113000000001,3626,2022/07/22 00:00:00+00,5B,3000 CLIFTON AVE,BURGLARY,,,811,M,60,BLACK_OR_AFRICAN_AMERICAN,UNKNOWN,SOUTHWEST,WALBROOK,39.3113,-76.6679,"(39.3113,-76.6679)",,,1
-76.6826,39.2931,3636,2022/07/08 09:00:00+00,5A,500 N LOUDON AVE,BURGLARY,,,824,M,43,BLACK_OR_AFRICAN_AMERICAN,NOT_HISPANIC_OR_LATINO,SOUTHWEST,ALLENDALE,39.2931,-76.6826,"(39.2931,-76.6826)",,,1
-76.6584,39.3312000000001,3642,2022/07/08 22:00:00+00,5F,2500 VIOLET AVE,BURGLARY,,,612,M,73,BLACK_OR_AFRICAN_AMERICAN,,NORTHWEST,PARK CIRCLE,39.3312,-76.6584,"(39.3312,-76.6584)",,,1
-76.6328999999999,39.2961,3653,2022/07/08 18:00:00+00,5B,600 N FREMONT AVE,BURGLARY,,,713,,,,,WESTERN,HARLEM PARK,39.2961,-76.6329,"(39.2961,-76.6329)",,Central,1
-76.6471999999999,39.3329000000001,3658,2022/07/08 13:30:00+00,5A,3600 HOOPER AVE,BURGLARY,,,533,F,35,WHITE,,NORTHERN,WOODBERRY,39.3329,-76.6472,"(39.3329,-76.6472)",,,1
-76.6471999999999,39.3329000000001,3659,2022/07/08 13:30:00+00,5A,3600 HOOPER AVE,BURGLARY,,,533,F,36,WHITE,,NORTHERN,WOODBERRY,39.3329,-76.6472,"(39.3329,-76.6472)",,,1
-76.6471999999999,39.3329000000001,3660,2022/07/08 13:30:00+00,5A,3600 HOOPER AVE,BURGLARY,,,533,F,36,WHITE,,NORTHERN,WOODBERRY,39.3329,-76.6472,"(39.3329,-76.6472)",,,1
-76.6326999999999,39.3639000000001,3695,2022/07/08 14:40:00+00,5A,700 GILMARYS RD,BURGLARY,,,521,M,65,WHITE,,NORTHERN,NORTH ROLAND PARK/POPLAR HILL,39.3639,-76.6327,"(39.3639,-76.6327)",,,1
-76.6326999999999,39.3639000000001,3696,2022/07/08 14:40:00+00,5A,700 GILMARYS RD,BURGLARY,,,521,F,66,WHITE,,NORTHERN,NORTH ROLAND PARK/POPLAR HILL,39.3639,-76.6327,"(39.3639,-76.6327)",,,1
-76.6437999999999,39.2852,3744,2022/07/07 09:08:00+00,5F,1700 W PRATT ST,BURGLARY,,,933,F,44,BLACK_OR_AFRICAN_AMERICAN,NOT_HISPANIC_OR_LATINO,SOUTHERN,NEW SOUTHWEST/MOUNT CLARE,39.2852,-76.6438,"(39.2852,-76.6438)",,Tri-District,1
-76.6009999999999,39.3408000000001,3784,2022/07/07 15:30:00+00,5A,4100 ST GEORGES AVE,BURGLARY,,,525,F,28,BLACK_OR_AFRICAN_AMERICAN,,NORTHERN,PEN LUCY,39.3408,-76.601,"(39.3408,-76.601)",,,1
-76.6731,39.3204000000001,3790,2022/07/07 14:30:00+00,5A,3000 N HILTON ST,BURGLARY,,,623,M,65,BLACK_OR_AFRICAN_AMERICAN,NOT_HISPANIC_OR_LATINO,NORTHWEST,FOREST PARK,39.3204,-76.6731,"(39.3204,-76.6731)",,,1
-76.6095,39.3204000000001,3824,2022/07/07 00:00:00+00,5F,2600 GREENMOUNT AVE,BURGLARY,,,513,F,62,WHITE,,NORTHERN,HARWOOD,39.3204,-76.6095,"(39.3204,-76.6095)",,,1
-76.6444,39.3055000000001,3838,2022/07/07 17:00:00+00,5A,1500 MOUNTMOR CT,BURGLARY,,,734,M,44,BLACK_OR_AFRICAN_AMERICAN,NOT_HISPANIC_OR_LATINO,WESTERN,SANDTOWN-WINCHESTER,39.3055,-76.6444,"(39.3055,-76.6444)",,,1
-76.6799999999999,39.3678,3847,2022/07/07 08:00:00+00,5F,2700 HANSON AVE,BURGLARY,,,632,M,34,WHITE,NOT_HISPANIC_OR_LATINO,NORTHWEST,CHESWOLDE,39.3678,-76.68,"(39.3678,-76.68)",,,1
-76.563,39.2826000000001,3856,2022/07/07 16:30:00+00,5A,4000 HUDSON ST,BURGLARY,,,231,,,,,SOUTHEAST,BREWERS HILL,39.2826,-76.563,"(39.2826,-76.563)",,,1
-76.6475,39.2973000000001,3879,2022/07/07 15:52:00+00,5F,700 N MONROE ST,BURGLARY,,,722,,,,,WESTERN,MIDTOWN-EDMONDSON,39.2973,-76.6475,"(39.2973,-76.6475)",,,1
-76.6761,39.2966000000001,3962,2022/07/22 18:00:00+00,5A,700 N GRANTLEY ST,BURGLARY,,,815,F,53,BLACK_OR_AFRICAN_AMERICAN,UNKNOWN,SOUTHWEST,EDGEWOOD,39.2966,-76.6761,"(39.2966,-76.6761)",,,1
-76.5909,39.3589000000001,3963,2022/07/22 04:00:00+00,5A,5600 WOODMONT AVE,BURGLARY,,PERSONAL_WEAPONS,414,M,52,BLACK_OR_AFRICAN_AMERICAN,NOT_HISPANIC_OR_LATINO,NORTHEAST,WOODBOURNE HEIGHTS,39.3589,-76.5909,"(39.3589,-76.5909)",,,1
-76.6179,39.3179000000001,4031,2022/07/07 02:43:00+00,5A,0 W 25TH ST,BURGLARY,,,512,M,76,WHITE,UNKNOWN,NORTHERN,CHARLES VILLAGE,39.3179,-76.6179,"(39.3179,-76.6179)",,,1
-76.6043,39.3132000000001,4256,2022/07/06 15:00:00+00,5A,2000 KENNEDY AVE,BURGLARY,,,312,F,68,BLACK_OR_AFRICAN_AMERICAN,,EASTERN,EAST BALTIMORE MIDWAY,39.3132,-76.6043,"(39.3132,-76.6043)",,Eastern 1,1
-76.556,39.335,4258,2022/07/06 12:00:00+00,5F,4900 BELAIR RD,BURGLARY,,,426,,,,,NORTHEAST,FRANKFORD,39.335,-76.556,"(39.335,-76.556)",,,1
-76.6041,39.2326,4375,2022/07/22 10:31:00+00,5F,3900 6TH ST,BURGLARY,,,913,M,21,BLACK_OR_AFRICAN_AMERICAN,NOT_HISPANIC_OR_LATINO,SOUTHERN,BROOKLYN,39.2326,-76.6041,"(39.2326,-76.6041)",,,1
-76.6052,39.3382,4382,2022/07/22 00:00:00+00,5F,600 DUMBARTON AVE,BURGLARY,,,525,M,52,,HISPANIC_OR_LATINO,NORTHERN,PEN LUCY,39.3382,-76.6052,"(39.3382,-76.6052)",,,1
-76.5855,39.2911,4385,2022/07/22 09:00:00+00,5F,0 S MADEIRA ST,BURGLARY,,,212,F,32,WHITE,HISPANIC_OR_LATINO,SOUTHEAST,BUTCHER'S HILL,39.2911,-76.5855,"(39.2911,-76.5855)",,,1
-76.6222999999999,39.3209000000001,4387,2022/07/22 20:33:00+00,5A,300 W 28TH ST,BURGLARY,,,511,M,35,WHITE,NOT_HISPANIC_OR_LATINO,NORTHERN,REMINGTON,39.3209,-76.6223,"(39.3209,-76.6223)",,,1
-76.6134,39.3039000000001,4415,2022/07/22 15:30:00+00,5B,1200 N CALVERT ST,BURGLARY,,,134,F,44,ASIAN,,CENTRAL,MID-TOWN BELVEDERE,39.3039,-76.6134,"(39.3039,-76.6134)",,,1
-76.6039,39.2938,4616,2022/07/21 10:50:00+00,5A,200 ST MATTHEWS ST,BURGLARY,,,211,M,75,BLACK_OR_AFRICAN_AMERICAN,,SOUTHEAST,PLEASANT VIEW GARDENS,39.2938,-76.6039,"(39.2938,-76.6039)",,,1
-76.6625,39.2955000000001,4621,2022/07/21 00:25:00+00,5A,2700 HARLEM AVE,BURGLARY,,,721,F,58,BLACK_OR_AFRICAN_AMERICAN,NOT_HISPANIC_OR_LATINO,WESTERN,MOSHER,39.2955,-76.6625,"(39.2955,-76.6625)",,,1
-76.6768,39.2885000000001,4631,2022/07/21 07:00:00+00,5A,100 DENISON ST,BURGLARY,,,824,F,57,BLACK_OR_AFRICAN_AMERICAN,NOT_HISPANIC_OR_LATINO,SOUTHWEST,ALLENDALE,39.2885,-76.6768,"(39.2885,-76.6768)",,,1
-76.6272,39.3137,4632,2022/07/21 01:45:00+00,5F,2100 MOUNT ROYAL TER,BURGLARY,,,133,M,26,NATIVE_HAWAIIAN_OR_OTHER_PACIFIC_ISLANDER,HISPANIC_OR_LATINO,CENTRAL,RESERVOIR HILL,39.3137,-76.6272,"(39.3137,-76.6272)",,,1
-76.5658,39.3135,4672,2022/07/21 00:00:00+00,5B,3700 SINCLAIR LN,BURGLARY,,,432,,,,,NORTHEAST,ORCHARD RIDGE,39.3135,-76.5658,"(39.3135,-76.5658)",,,1
-76.5531,39.3463,4709,2022/07/21 12:36:00+00,5A,3600 HAMILTON AVE,BURGLARY,,,425,F,35,WHITE,,NORTHEAST,GLENHAM-BELHAR,39.3463,-76.5531,"(39.3463,-76.5531)",,,1
-76.6532999999999,39.2942,4956,2022/07/20 22:45:00+00,5A,2300 LAURETTA AVE,BURGLARY,,,721,F,31,BLACK_OR_AFRICAN_AMERICAN,NOT_HISPANIC_OR_LATINO,WESTERN,ROSEMONT HOMEOWNERS/TENANTS,39.2942,-76.6533,"(39.2942,-76.6533)",,,1
-76.6188,39.3132000000001,4967,2022/07/20 02:25:00+00,5B,100 W 21ST ST,BURGLARY,,,514,M,23,,HISPANIC_OR_LATINO,NORTHERN,CHARLES NORTH,39.3132,-76.6188,"(39.3132,-76.6188)",,,1
-76.6332,39.308,4972,2022/07/20 05:00:00+00,5B,1900 MADISON AVE,BURGLARY,,,132,F,69,BLACK_OR_AFRICAN_AMERICAN,UNKNOWN,CENTRAL,MADISON PARK,39.308,-76.6332,"(39.308,-76.6332)",,,1
-76.631,39.3063000000001,4991,2022/07/20 06:30:00+00,5A,1700 MADISON AVE,BURGLARY,,,132,M,55,BLACK_OR_AFRICAN_AMERICAN,,CENTRAL,MADISON PARK,39.3063,-76.631,"(39.3063,-76.631)",,,1
-76.6070999999999,39.3247000000001,4999,2022/07/20 03:00:00+00,5F,3000 MATHEWS ST,BURGLARY,,,513,F,35,BLACK_OR_AFRICAN_AMERICAN,UNKNOWN,NORTHERN,BETTER WAVERLY,39.3247,-76.6071,"(39.3247,-76.6071)",,,1
-76.6539,39.2845,5055,2022/07/20 05:13:00+00,5B,2300 FREDERICK AVE,BURGLARY,,,835,,,,,SOUTHWEST,SHIPLEY HILL,39.2845,-76.6539,"(39.2845,-76.6539)",,Tri-District,1
-76.6027999999999,39.2939000000001,5069,2022/07/20 23:00:00+00,5A,1000 NEW HOPE CIR,BURGLARY,,,211,F,31,BLACK_OR_AFRICAN_AMERICAN,NOT_HISPANIC_OR_LATINO,SOUTHEAST,PLEASANT VIEW GARDENS,39.2939,-76.6028,"(39.2939,-76.6028)",,,1
-76.5708,39.2884,5311,2022/07/20 20:30:00+00,5A,300 S BOULDIN ST,BURGLARY,,,225,M,40,WHITE,NOT_HISPANIC_OR_LATINO,SOUTHEAST,HIGHLANDTOWN,39.2884,-76.5708,"(39.2884,-76.5708)",,,1
-76.5966,39.3094,5324,2022/07/20 19:04:00+00,5A,1600 E LANVALE ST,BURGLARY,,,314,M,55,BLACK_OR_AFRICAN_AMERICAN,MIDDLE_EASTERN,EASTERN,OLIVER,39.3094,-76.5966,"(39.3094,-76.5966)",,Eastern 1,1
-76.6643,39.3052000000001,5327,2022/07/20 17:00:00+00,5A,2800 BRIGHTON ST,BURGLARY,,,813,F,56,BLACK_OR_AFRICAN_AMERICAN,NOT_HISPANIC_OR_LATINO,SOUTHWEST,NORTHWEST COMMUNITY ACTION,39.3052,-76.6643,"(39.3052,-76.6643)",,,1
-76.6279,39.285,5342,2022/07/20 13:30:00+00,5A,700 MCHENRY ST,BURGLARY,,PERSONAL_WEAPONS,931,M,21,BLACK_OR_AFRICAN_AMERICAN,UNKNOWN,SOUTHERN,BARRE CIRCLE,39.285,-76.6279,"(39.285,-76.6279)",,,1
-76.6348,39.3081,5353,2022/07/19 12:00:00+00,5B,2000 MCCULLOH ST,BURGLARY,,,131,,,,,CENTRAL,DRUID HEIGHTS,39.3081,-76.6348,"(39.3081,-76.6348)",,,1
-76.6226,39.2930000000001,5355,2022/07/19 00:00:00+00,5A,300 N PACA ST,BURGLARY,,,121,F,73,WHITE,HISPANIC_OR_LATINO,CENTRAL,UNIVERSITY OF MARYLAND,39.293,-76.6226,"(39.293,-76.6226)",,,1
-76.679,39.3265000000001,5358,2022/07/19 15:00:00+00,5A,3700 LIBERTY HEIGHTS AVE,BURGLARY,,,623,F,38,BLACK_OR_AFRICAN_AMERICAN,,NORTHWEST,CALLAWAY-GARRISON,39.3265,-76.679,"(39.3265,-76.679)",,,1
-76.6369,39.3094,5360,2022/07/19 12:00:00+00,5A,400 GOLD ST,BURGLARY,,,131,M,52,BLACK_OR_AFRICAN_AMERICAN,,CENTRAL,DRUID HEIGHTS,39.3094,-76.6369,"(39.3094,-76.6369)",,,1
-76.6881,39.3276000000001,5363,2022/07/19 03:51:00+00,5A,4100 MAINE AVE,BURGLARY,,,621,M,49,BLACK_OR_AFRICAN_AMERICAN,,NORTHWEST,CENTRAL FOREST PARK,39.3276,-76.6881,"(39.3276,-76.6881)",,,1
-76.669,39.3471000000001,5400,2022/07/19 00:10:00+00,5A,3000 THORNDALE AVE,BURGLARY,,,614,F,38,BLACK_OR_AFRICAN_AMERICAN,NOT_HISPANIC_OR_LATINO,NORTHWEST,CENTRAL PARK HEIGHTS,39.3471,-76.669,"(39.3471,-76.669)",,,1
-76.5907,39.3077000000001,5415,2022/07/19 14:00:00+00,5A,1900 E OLIVER ST,BURGLARY,,,331,M,37,BLACK_OR_AFRICAN_AMERICAN,,EASTERN,BROADWAY EAST,39.3077,-76.5907,"(39.3077,-76.5907)",,,1
-76.6957,39.2827,5431,2022/07/19 06:00:00+00,5F,100 S WICKHAM RD,BURGLARY,,,823,M,39,BLACK_OR_AFRICAN_AMERICAN,NOT_HISPANIC_OR_LATINO,SOUTHWEST,TREMONT,39.2827,-76.6957,"(39.2827,-76.6957)",,,1
-76.5578,39.2849000000001,5436,2022/07/06 23:40:00+00,5A,4500 FOSTER AVE,BURGLARY,,,233,M,38,BLACK_OR_AFRICAN_AMERICAN,UNKNOWN,SOUTHEAST,GREEKTOWN,39.2849,-76.5578,"(39.2849,-76.5578)",,,1
-76.6544,39.3097000000001,5439,2022/07/06 15:00:00+00,5F,2300 W NORTH AVE,BURGLARY,,,731,M,34,BLACK_OR_AFRICAN_AMERICAN,NOT_HISPANIC_OR_LATINO,WESTERN,MONDAWMIN,39.3097,-76.6544,"(39.3097,-76.6544)",,Western,1
-76.6692,39.3081,5451,2022/07/06 00:00:00+00,5A,1800 N ROSEDALE ST,BURGLARY,,,813,,,,,SOUTHWEST,NORTHWEST COMMUNITY ACTION,39.3081,-76.6692,"(39.3081,-76.6692)",,,1
-76.7089,39.3700000000001,5460,2022/07/06 09:00:00+00,5A,7300 PARK HEIGHTS AVE,BURGLARY,,,631,,,,,NORTHWEST,CROSS COUNTRY,39.37,-76.7089,"(39.37,-76.7089)",,,1
-76.6024,39.2873000000001,5466,2022/07/06 03:57:00+00,5A,200 S HIGH ST,BURGLARY,,,211,F,24,WHITE,,SOUTHEAST,LITTLE ITALY,39.2873,-76.6024,"(39.2873,-76.6024)",,,1
-76.6086,39.3202000000001,5704,2022/07/19 15:00:00+00,5A,2600 BOONE ST,BURGLARY,,,513,M,27,WHITE,HISPANIC_OR_LATINO,NORTHERN,BETTER WAVERLY,39.3202,-76.6086,"(39.3202,-76.6086)",,,1
-76.5538,39.3367000000001,5752,2022/07/18 23:30:00+00,5F,5100 BELAIR RD,BURGLARY,,,426,M,44,BLACK_OR_AFRICAN_AMERICAN,,NORTHEAST,WALTHERSON,39.3367,-76.5538,"(39.3367,-76.5538)",,,1
-76.6007999999999,39.3094,5853,2022/07/18 12:00:00+00,5A,1300 E LANVALE ST,BURGLARY,,,314,M,63,BLACK_OR_AFRICAN_AMERICAN,,EASTERN,OLIVER,39.3094,-76.6008,"(39.3094,-76.6008)",,Eastern 1,1
-76.5789,39.3170000000001,5861,2022/07/18 00:00:00+00,5F,2300 BELAIR RD,BURGLARY,,,431,F,42,,NOT_HISPANIC_OR_LATINO,NORTHEAST,BELAIR-EDISON,39.317,-76.5789,"(39.317,-76.5789)",,,1
-76.5783,39.3016000000001,6022,2022/07/18 15:45:00+00,5A,900 N KENWOOD AVE,BURGLARY,,UNKNOWN,333,F,23,BLACK_OR_AFRICAN_AMERICAN,,EASTERN,MADISON-EASTEND,39.3016,-76.5783,"(39.3016,-76.5783)",,Eastern 2,1
-76.5319,39.2616,6103,2022/07/18 19:00:00+00,5B,6500 CLEVELAND AVE,BURGLARY,,,234,,,,,SOUTHEAST,SAINT HELENA,39.2616,-76.5319,"(39.2616,-76.5319)",,,1
-76.6702,39.3002000000001,6180,2022/07/18 09:00:00+00,5F,1000 N ELLAMONT ST,BURGLARY,,,813,F,29,BLACK_OR_AFRICAN_AMERICAN,NOT_HISPANIC_OR_LATINO,SOUTHWEST,ROSEMONT,39.3002,-76.6702,"(39.3002,-76.6702)",,,1
-76.5844,39.2967,6181,2022/07/18 12:00:00+00,5F,2300 JEFFERSON ST,BURGLARY,,,221,F,45,BLACK_OR_AFRICAN_AMERICAN,UNKNOWN,SOUTHEAST,MCELDERRY PARK,39.2967,-76.5844,"(39.2967,-76.5844)",,,1
-76.6754999999999,39.2934000000001,6183,2022/07/18 18:32:00+00,5A,500 N EDGEWOOD ST,BURGLARY,,,824,F,26,BLACK_OR_AFRICAN_AMERICAN,UNKNOWN,SOUTHWEST,LOWER EDMONDSON VILLAGE,39.2934,-76.6755,"(39.2934,-76.6755)",,,1
-76.5955999999999,39.2325000000001,6541,2022/07/17 21:15:00+00,5F,3700 SAINT MARGARET ST,BURGLARY,,,913,F,52,WHITE,NOT_HISPANIC_OR_LATINO,SOUTHERN,BROOKLYN,39.2325,-76.5956,"(39.2325,-76.5956)",,Brooklyn,1
-76.5744,39.2992,6549,2022/07/17 09:00:00+00,5A,3000 E MONUMENT ST,BURGLARY,,,333,F,35,BLACK_OR_AFRICAN_AMERICAN,,EASTERN,MADISON-EASTEND,39.2992,-76.5744,"(39.2992,-76.5744)",,,1
-76.6863,39.3208000000001,6558,2022/07/17 17:00:00+00,5A,4100 FAIRFAX RD,BURGLARY,,,624,M,35,BLACK_OR_AFRICAN_AMERICAN,NOT_HISPANIC_OR_LATINO,NORTHWEST,WEST FOREST PARK,39.3208,-76.6863,"(39.3208,-76.6863)",,,1
-76.5950999999999,39.3078,6559,2022/07/17 04:54:00+00,5A,1500 N BROADWAY,BURGLARY,,,314,F,35,BLACK_OR_AFRICAN_AMERICAN,,EASTERN,OLIVER,39.3078,-76.5951,"(39.3078,-76.5951)",,Eastern 1,1
-76.5973,39.2333,6562,2022/07/17 19:55:00+00,5A,3700 SAINT VICTOR ST,BURGLARY,,,913,M,38,NATIVE_HAWAIIAN_OR_OTHER_PACIFIC_ISLANDER,HISPANIC_OR_LATINO,SOUTHERN,BROOKLYN,39.2333,-76.5973,"(39.2333,-76.5973)",,Brooklyn,1
-76.5516,39.3189,6579,2022/07/17 16:00:00+00,5A,5500 BOWLEYS LN,BURGLARY,,,443,M,54,BLACK_OR_AFRICAN_AMERICAN,NOT_HISPANIC_OR_LATINO,NORTHEAST,FRANKFORD,39.3189,-76.5516,"(39.3189,-76.5516)",,,1
-76.5986,39.2339000000001,6606,2022/07/17 18:30:00+00,5A,800 PONTIAC AVE,BURGLARY,,,913,M,38,NATIVE_HAWAIIAN_OR_OTHER_PACIFIC_ISLANDER,HISPANIC_OR_LATINO,SOUTHERN,BROOKLYN,39.2339,-76.5986,"(39.2339,-76.5986)",,Brooklyn,1
-76.5986,39.2339000000001,6607,2022/07/17 18:30:00+00,5A,800 PONTIAC AVE,BURGLARY,,,913,F,52,WHITE,NOT_HISPANIC_OR_LATINO,SOUTHERN,BROOKLYN,39.2339,-76.5986,"(39.2339,-76.5986)",,Brooklyn,1
-76.5986,39.2339000000001,6608,2022/07/17 18:30:00+00,5A,800 PONTIAC AVE,BURGLARY,,,913,M,36,WHITE,HISPANIC_OR_LATINO,SOUTHERN,BROOKLYN,39.2339,-76.5986,"(39.2339,-76.5986)",,Brooklyn,1
-76.5785,39.3174000000001,6615,2022/07/17 05:28:00+00,5B,2400 BELAIR RD,BURGLARY,,,431,,,,,NORTHEAST,BELAIR-EDISON,39.3174,-76.5785,"(39.3174,-76.5785)",,,1
-76.6251999999999,39.3011000000001,7192,2022/07/06 14:15:00+00,5A,400 CUMMINGS CT,BURGLARY,,,123,F,30,BLACK_OR_AFRICAN_AMERICAN,NOT_HISPANIC_OR_LATINO,CENTRAL,UPTON,39.3011,-76.6252,"(39.3011,-76.6252)",,,1
-76.5923999999999,39.2903000000001,7222,2022/07/05 19:00:00+00,5F,1700 E LOMBARD ST,BURGLARY,,,212,M,40,ASIAN,UNKNOWN,SOUTHEAST,UPPER FELLS POINT,39.2903,-76.5924,"(39.2903,-76.5924)",,,1
-76.6084,39.3564000000001,7237,2022/07/05 02:30:00+00,5F,500 TUNBRIDGE RD,BURGLARY,,,523,F,26,BLACK_OR_AFRICAN_AMERICAN,NOT_HISPANIC_OR_LATINO,NORTHERN,MID-GOVANS,39.3564,-76.6084,"(39.3564,-76.6084)",,,1
-76.5672,39.2883,7475,2022/07/05 05:00:00+00,5A,300 S CONKLING ST,BURGLARY,,,225,U,66,,NOT_HISPANIC_OR_LATINO,SOUTHEAST,HIGHLANDTOWN,39.2883,-76.5672,"(39.2883,-76.5672)",,,1
-76.6729999999999,39.3505000000001,7480,2022/07/05 15:00:00+00,5A,3000 W BELVEDERE AVE,BURGLARY,,,633,F,53,BLACK_OR_AFRICAN_AMERICAN,NOT_HISPANIC_OR_LATINO,NORTHWEST,CENTRAL PARK HEIGHTS,39.3505,-76.673,"(39.3505,-76.673)",,,1
-76.7092,39.2864000000001,7481,2022/07/05 19:30:00+00,5F,5300 WENDLEY RD,BURGLARY,,,823,M,76,WHITE,UNKNOWN,SOUTHWEST,WESTGATE,39.2864,-76.7092,"(39.2864,-76.7092)",,,1
-76.7092,39.2864000000001,7482,2022/07/05 19:30:00+00,5F,5300 WENDLEY RD,BURGLARY,,,823,M,83,WHITE,UNKNOWN,SOUTHWEST,WESTGATE,39.2864,-76.7092,"(39.2864,-76.7092)",,,1
-76.5923999999999,39.2903000000001,7486,2022/07/05 20:00:00+00,5A,1700 E LOMBARD ST,BURGLARY,,,212,M,40,ASIAN,UNKNOWN,SOUTHEAST,UPPER FELLS POINT,39.2903,-76.5924,"(39.2903,-76.5924)",,,1
-76.6283999999999,39.3454,7487,2022/07/05 10:00:00+00,5A,4500 WILMSLOW RD,BURGLARY,,,534,F,50,,UNKNOWN,NORTHERN,EVERGREEN,39.3454,-76.6284,"(39.3454,-76.6284)",,,1
-76.6998,39.3624,7530,2022/07/05 07:30:00+00,5F,6700 PARK HEIGHTS AVE,BURGLARY,,,631,,,,,NORTHWEST,CROSS COUNTRY,39.3624,-76.6998,"(39.3624,-76.6998)",,,1
-76.6715,39.2780000000001,7532,2022/07/05 11:00:00+00,5A,500 S CATON AVE,BURGLARY,,,832,M,53,,MIDDLE_EASTERN,SOUTHWEST,GWYNNS FALLS,39.278,-76.6715,"(39.278,-76.6715)",,,1
-76.6145,39.3038000000001,7534,2022/07/05 10:58:00+00,5A,1200 SAINT PAUL ST,BURGLARY,,,134,,,,,CENTRAL,MID-TOWN BELVEDERE,39.3038,-76.6145,"(39.3038,-76.6145)",,,1
-76.6729999999999,39.3049,7539,2022/07/05 19:42:00+00,5A,3300 BRIGHTON ST,BURGLARY,,,813,,,,,SOUTHWEST,ROSEMONT,39.3049,-76.673,"(39.3049,-76.673)",,,1
-76.6242,39.2436000000001,7642,2022/07/16 13:00:00+00,5F,3400 ROUND RD,BURGLARY,,,922,F,34,BLACK_OR_AFRICAN_AMERICAN,NOT_HISPANIC_OR_LATINO,SOUTHERN,CHERRY HILL,39.2436,-76.6242,"(39.2436,-76.6242)",,,1
-76.571,39.3692,7650,2022/07/16 12:00:00+00,5A,2100 PENTLAND DR,BURGLARY,,,423,F,35,BLACK_OR_AFRICAN_AMERICAN,NOT_HISPANIC_OR_LATINO,NORTHEAST,HAMILTON HILLS,39.3692,-76.571,"(39.3692,-76.571)",,,1
-76.5467,39.3518,7658,2022/07/16 17:00:00+00,5F,6000 WINTHROPE AVE,BURGLARY,,,425,F,69,BLACK_OR_AFRICAN_AMERICAN,UNKNOWN,NORTHEAST,GLENHAM-BELHAR,39.3518,-76.5467,"(39.3518,-76.5467)",,,1
-76.6315999999999,39.3311,7718,2022/07/16 15:00:00+00,5F,900 W 36TH ST,BURGLARY,,,531,,,,,NORTHERN,HAMPDEN,39.3311,-76.6316,"(39.3311,-76.6316)",,,1
-76.6534,39.3668000000001,7720,2022/07/16 20:30:00+00,5B,1700 SULGRAVE AVE,BURGLARY,,,533,F,39,WHITE,,NORTHERN,MOUNT WASHINGTON,39.3668,-76.6534,"(39.3668,-76.6534)",,,1
-76.6396999999999,39.2924,7732,2022/07/16 11:30:00+00,5B,300 N CALHOUN ST,BURGLARY,,,711,M,31,BLACK_OR_AFRICAN_AMERICAN,NOT_HISPANIC_OR_LATINO,WESTERN,FRANKLIN SQUARE,39.2924,-76.6397,"(39.2924,-76.6397)",,,1
-76.5651,39.2855000000001,7891,2022/07/16 02:30:00+00,5A,600 S EATON ST,BURGLARY,,,231,,,,,SOUTHEAST,BREWERS HILL,39.2855,-76.5651,"(39.2855,-76.5651)",,,1
-76.5871,39.3188000000001,7906,2022/07/16 19:00:00+00,5B,2800 SAINT LO DR,BURGLARY,,,431,,,,,NORTHEAST,CLIFTON PARK,39.3188,-76.5871,"(39.3188,-76.5871)",,,1
-76.6054999999999,39.2286,7909,2022/07/16 01:00:00+00,5A,4200 DORIS AVE,BURGLARY,,,,F,38,BLACK_OR_AFRICAN_AMERICAN,HISPANIC_OR_LATINO,,,39.2286,-76.6055,"(39.2286,-76.6055)",,,1
-76.6818,39.3479,7922,2022/07/16 16:54:00+00,5F,3600 HAYWARD AVE,BURGLARY,,,633,M,29,BLACK_OR_AFRICAN_AMERICAN,UNKNOWN,NORTHWEST,ARLINGTON,39.3479,-76.6818,"(39.3479,-76.6818)",,Northwestern,1
-76.6818,39.3479,7923,2022/07/16 16:54:00+00,5F,3600 HAYWARD AVE,BURGLARY,,,633,F,27,BLACK_OR_AFRICAN_AMERICAN,UNKNOWN,NORTHWEST,ARLINGTON,39.3479,-76.6818,"(39.3479,-76.6818)",,Northwestern,1
-76.6933999999999,39.3500000000001,7927,2022/07/16 17:30:00+00,5B,5700 REISTERSTOWN RD,BURGLARY,,,631,M,66,WHITE,UNKNOWN,NORTHWEST,GLEN,39.35,-76.6934,"(39.35,-76.6934)",,,1
-76.6298,39.2907000000001,7936,2022/07/15 16:00:00+00,5F,100 N FREMONT AVE,BURGLARY,,,712,F,36,BLACK_OR_AFRICAN_AMERICAN,HISPANIC_OR_LATINO,WESTERN,POPPLETON,39.2907,-76.6298,"(39.2907,-76.6298)",,,1
-76.5516,39.3189,7940,2022/07/15 23:27:00+00,5A,5500 BOWLEYS LN,BURGLARY,,,443,M,54,BLACK_OR_AFRICAN_AMERICAN,NOT_HISPANIC_OR_LATINO,NORTHEAST,FRANKFORD,39.3189,-76.5516,"(39.3189,-76.5516)",,,1
-76.585,39.2972,7951,2022/07/15 14:30:00+00,5A,500 N PATTERSON PARK AVE,BURGLARY,,,321,M,54,WHITE,,EASTERN,MCELDERRY PARK,39.2972,-76.585,"(39.2972,-76.585)",,,1
-76.5957999999999,39.2325000000001,7970,2022/07/15 23:00:00+00,5F,3700 SAINT MARGARET ST,BURGLARY,,,913,F,49,BLACK_OR_AFRICAN_AMERICAN,,SOUTHERN,BROOKLYN,39.2325,-76.5958,"(39.2325,-76.5958)",,Brooklyn,1
-76.5651,39.3295000000001,7974,2022/07/15 15:00:00+00,5F,4100 EIERMAN AVE,BURGLARY,,,422,M,30,WHITE,NOT_HISPANIC_OR_LATINO,NORTHEAST,ARCADIA,39.3295,-76.5651,"(39.3295,-76.5651)",,,1
-76.6435,39.3101,7977,2022/07/15 15:30:00+00,5B,1600 W NORTH AVE,BURGLARY,,,733,,,,,WESTERN,PENN NORTH,39.3101,-76.6435,"(39.3101,-76.6435)",,Western,1
-76.6253,39.3305,7990,2022/07/15 02:30:00+00,5F,3500 CARNEGIE WAY,BURGLARY,,,511,,,,,NORTHERN,JOHNS HOPKINS HOMEWOOD,39.3305,-76.6253,"(39.3305,-76.6253)",,,1
-76.5923,39.2856,7999,2022/07/15 23:30:00+00,5F,1700 EASTERN AVE,BURGLARY,,,213,M,43,WHITE,,SOUTHEAST,FELLS POINT,39.2856,-76.5923,"(39.2856,-76.5923)",,,1
-76.5536999999999,39.3613,8001,2022/07/15 02:13:00+00,5F,2900 PINEWOOD AVE,BURGLARY,,,424,F,36,BLACK_OR_AFRICAN_AMERICAN,,NORTHEAST,WESTFIELD,39.3613,-76.5537,"(39.3613,-76.5537)",,,1
-76.567,39.3709000000001,8010,2022/07/15 09:00:00+00,5F,7000 MCCLEAN BLVD,BURGLARY,,,423,F,24,BLACK_OR_AFRICAN_AMERICAN,,NORTHEAST,HAMILTON HILLS,39.3709,-76.567,"(39.3709,-76.567)",,,1
-76.5785999999999,39.2969000000001,8058,2022/07/15 15:00:00+00,5F,2700 JEFFERSON ST,BURGLARY,,,221,M,66,BLACK_OR_AFRICAN_AMERICAN,NOT_HISPANIC_OR_LATINO,SOUTHEAST,MCELDERRY PARK,39.2969,-76.5786,"(39.2969,-76.5786)",,,1
-76.6391,39.3326000000001,8062,2022/07/15 12:19:00+00,5A,1400 UNION AVE,BURGLARY,,,531,M,53,BLACK_OR_AFRICAN_AMERICAN,NOT_HISPANIC_OR_LATINO,NORTHERN,HAMPDEN,39.3326,-76.6391,"(39.3326,-76.6391)",,,1
-76.6315999999999,39.3329000000001,8263,2022/07/05 06:00:00+00,5A,900 W 37TH ST,BURGLARY,,,531,F,42,WHITE,UNKNOWN,NORTHERN,HAMPDEN,39.3329,-76.6316,"(39.3329,-76.6316)",,,1
-76.6,39.2982000000001,8323,2022/07/05 16:00:00+00,5A,1300 E MONUMENT ST,BURGLARY,,,323,F,43,BLACK_OR_AFRICAN_AMERICAN,,EASTERN,OLDTOWN,39.2982,-76.6,"(39.2982,-76.6)",,,1
-76.6387,39.3298,8327,2022/07/05 13:40:00+00,5A,3500 BUENA VISTA AVE,BURGLARY,,,531,F,34,WHITE,NOT_HISPANIC_OR_LATINO,NORTHERN,HAMPDEN,39.3298,-76.6387,"(39.3298,-76.6387)",,,1
-76.6145,39.3038000000001,8328,2022/07/05 10:58:00+00,5A,1200 SAINT PAUL ST,BURGLARY,,,134,M,52,WHITE,,CENTRAL,MID-TOWN BELVEDERE,39.3038,-76.6145,"(39.3038,-76.6145)",,,1
-76.6724,39.3114,8331,2022/07/05 11:30:00+00,5A,2100 N HILTON ST,BURGLARY,,,811,M,48,BLACK_OR_AFRICAN_AMERICAN,UNKNOWN,SOUTHWEST,WALBROOK,39.3114,-76.6724,"(39.3114,-76.6724)",,,1
-76.6328,39.3283000000001,8335,2022/07/05 06:45:00+00,5A,3300 HICKORY AVE,BURGLARY,,,531,F,35,WHITE,NOT_HISPANIC_OR_LATINO,NORTHERN,HAMPDEN,39.3283,-76.6328,"(39.3283,-76.6328)",,,1
-76.6383,39.3302,8339,2022/07/05 13:00:00+00,5A,1400 W 36TH ST,BURGLARY,,,531,F,70,WHITE,,NORTHERN,HAMPDEN,39.3302,-76.6383,"(39.3302,-76.6383)",,,1
-76.6314,39.313,8351,2022/07/14 00:45:00+00,5B,2200 CALLOW AVE,BURGLARY,,,133,M,20,BLACK_OR_AFRICAN_AMERICAN,NOT_HISPANIC_OR_LATINO,CENTRAL,RESERVOIR HILL,39.313,-76.6314,"(39.313,-76.6314)",,,1
-76.6408,39.2854,8372,2022/07/14 15:33:00+00,5A,200 S STRICKER ST,BURGLARY,,,933,M,56,BLACK_OR_AFRICAN_AMERICAN,NOT_HISPANIC_OR_LATINO,SOUTHERN,NEW SOUTHWEST/MOUNT CLARE,39.2854,-76.6408,"(39.2854,-76.6408)",,Tri-District,1
-76.6799999999999,39.2996000000001,8528,2022/07/30 20:00:00+00,5A,1100 MOUNT HOLLY ST,BURGLARY,,,815,F,25,BLACK_OR_AFRICAN_AMERICAN,UNKNOWN,SOUTHWEST,EDMONDSON VILLAGE,39.2996,-76.68,"(39.2996,-76.68)",,,1
-76.5941,39.2312000000001,8532,2022/07/30 15:30:00+00,5F,1100 MONROE CIR,BURGLARY,,,911,M,42,,HISPANIC_OR_LATINO,SOUTHERN,CURTIS BAY,39.2312,-76.5941,"(39.2312,-76.5941)",,,1
-76.6154,39.2944000000001,8583,2022/07/30 08:00:00+00,5A,400 N CHARLES ST,BURGLARY,,,114,F,22,WHITE,,CENTRAL,DOWNTOWN,39.2944,-76.6154,"(39.2944,-76.6154)",,,1
-76.5746,39.2911,8598,2022/07/30 02:41:00+00,5B,100 S POTOMAC ST,BURGLARY,,,222,F,32,WHITE,,SOUTHEAST,PATTERSON PARK NEIGHBORHOOD,39.2911,-76.5746,"(39.2911,-76.5746)",,,1
-76.5835,39.2961,8615,2022/07/04 08:35:00+00,5A,400 N MONTFORD AVE,BURGLARY,,,221,M,44,,,SOUTHEAST,MCELDERRY PARK,39.2961,-76.5835,"(39.2961,-76.5835)",,,1
-76.5930999999999,39.3399000000001,8806,2022/07/14 18:00:00+00,5F,1500 ARGONNE DR,BURGLARY,,,412,F,62,BLACK_OR_AFRICAN_AMERICAN,,NORTHEAST,HILLEN,39.3399,-76.5931,"(39.3399,-76.5931)",,,1
-76.5780999999999,39.3159000000001,8827,2022/07/14 19:00:00+00,5F,3200 ELMORA AVE,BURGLARY,,,434,M,38,BLACK_OR_AFRICAN_AMERICAN,NOT_HISPANIC_OR_LATINO,NORTHEAST,FOUR BY FOUR,39.3159,-76.5781,"(39.3159,-76.5781)",,,1
-76.6408,39.2854,8828,2022/07/14 15:33:00+00,5F,200 S STRICKER ST,BURGLARY,,,933,M,56,BLACK_OR_AFRICAN_AMERICAN,NOT_HISPANIC_OR_LATINO,SOUTHERN,NEW SOUTHWEST/MOUNT CLARE,39.2854,-76.6408,"(39.2854,-76.6408)",,Tri-District,1
-76.6482999999999,39.313,8833,2022/07/14 02:30:00+00,5B,2200 N MONROE ST,BURGLARY,,,731,,,,,WESTERN,MONDAWMIN,39.313,-76.6483,"(39.313,-76.6483)",,Western,1
-76.6530999999999,39.2912000000001,8835,2022/07/14 17:29:00+00,5F,200 N BENTALOU ST,BURGLARY,,,714,,,,,WESTERN,PENROSE/FAYETTE STREET OUTREACH,39.2912,-76.6531,"(39.2912,-76.6531)",,,1
-76.6453,39.3387000000001,8836,2022/07/14 15:10:00+00,5F,4200 LAPLATA AVE,BURGLARY,,,534,,,,,NORTHERN,MEDFIELD,39.3387,-76.6453,"(39.3387,-76.6453)",,,1
-76.6376,39.3001,8845,2022/07/14 21:42:00+00,5A,1200 MOSHER ST,BURGLARY,,,724,,,,,WESTERN,SANDTOWN-WINCHESTER,39.3001,-76.6376,"(39.3001,-76.6376)",,Central,1
-76.6742,39.311,8866,2022/07/30 15:00:00+00,5B,2100 DENISON ST,BURGLARY,,,812,,,,,SOUTHWEST,WALBROOK,39.311,-76.6742,"(39.311,-76.6742)",,,1
-76.6709999999999,39.3115000000001,9424,2022/07/14 18:00:00+00,5B,2100 N ELLAMONT ST,BURGLARY,,,811,M,38,BLACK_OR_AFRICAN_AMERICAN,NOT_HISPANIC_OR_LATINO,SOUTHWEST,WALBROOK,39.3115,-76.671,"(39.3115,-76.671)",,,1
-76.5835999999999,39.3112,9427,2022/07/14 16:12:00+00,5A,2400 E LAFAYETTE AVE,BURGLARY,,,331,M,41,BLACK_OR_AFRICAN_AMERICAN,,EASTERN,BROADWAY EAST,39.3112,-76.5836,"(39.3112,-76.5836)",,,1
-76.6115,39.3078,9430,2022/07/14 16:36:00+00,5F,300 E FEDERAL ST,BURGLARY,,,313,M,33,WHITE,UNKNOWN,EASTERN,GREENMOUNT WEST,39.3078,-76.6115,"(39.3078,-76.6115)",,,1
-76.5954,39.2863,9434,2022/07/14 21:42:00+00,5A,400 S BOND ST,BURGLARY,,,213,F,24,WHITE,NOT_HISPANIC_OR_LATINO,SOUTHEAST,FELLS POINT,39.2863,-76.5954,"(39.2863,-76.5954)",,,1
-76.5841,39.284,9497,2022/07/13 17:00:00+00,5A,2200 ESSEX ST,BURGLARY,,,214,M,64,WHITE,NOT_HISPANIC_OR_LATINO,SOUTHEAST,CANTON,39.284,-76.5841,"(39.284,-76.5841)",,,1
-76.5835999999999,39.296,9636,2022/07/04 08:00:00+00,5F,400 N MONTFORD AVE,BURGLARY,,,221,M,27,BLACK_OR_AFRICAN_AMERICAN,,SOUTHEAST,MCELDERRY PARK,39.296,-76.5836,"(39.296,-76.5836)",,,1
-76.5855,39.3399000000001,9758,2022/07/13 17:00:00+00,5B,1800 ARGONNE DR,BURGLARY,,,421,,,,,NORTHEAST,MONTEBELLO,39.3399,-76.5855,"(39.3399,-76.5855)",,,1
-76.5316,39.354,9761,2022/07/13 04:20:00+00,5B,6600 BELAIR RD,BURGLARY,,,425,,,,,NORTHEAST,ROSEMONT EAST,39.354,-76.5316,"(39.354,-76.5316)",,,1
-76.629,39.3371000000001,9762,2022/07/13 04:41:00+00,5B,700 W 40TH ST,BURGLARY,,,534,,,,,NORTHERN,HAMPDEN,39.3371,-76.629,"(39.3371,-76.629)",,,1
-76.6713999999999,39.3063000000001,9794,2022/07/13 13:00:00+00,5A,3200 GRAYSON ST,BURGLARY,,,813,,,,,SOUTHWEST,ROSEMONT,39.3063,-76.6714,"(39.3063,-76.6714)",,,1
-76.6097,39.3641000000001,9798,2022/07/13 03:55:00+00,5B,500 E BELVEDERE AVE,BURGLARY,,,523,,,,,NORTHERN,BELVEDERE,39.3641,-76.6097,"(39.3641,-76.6097)",,,1
-76.6421999999999,39.3578000000001,9806,2022/07/13 23:27:00+00,5A,0 ENGLEWOOD RD,BURGLARY,,,534,F,85,WHITE,NOT_HISPANIC_OR_LATINO,NORTHERN,ROLAND PARK,39.3578,-76.6422,"(39.3578,-76.6422)",,,1
-76.6145999999999,39.3248,9838,2022/07/13 11:30:00+00,5F,3000 N CALVERT ST,BURGLARY,,,512,M,23,WHITE,NOT_HISPANIC_OR_LATINO,NORTHERN,CHARLES VILLAGE,39.3248,-76.6146,"(39.3248,-76.6146)",,,1
-76.65,39.3096,9907,2022/07/04 17:00:00+00,5B,2000 W NORTH AVE,BURGLARY,,,735,,,,,WESTERN,EASTERWOOD,39.3096,-76.65,"(39.3096,-76.65)",,Western,1
-76.6369,39.2793,9908,2022/07/04 19:52:00+00,5F,1400 WASHINGTON BLVD,BURGLARY,,,935,,,,,SOUTHERN,WASHINGTON VILLAGE/PIGTOWN,39.2793,-76.6369,"(39.2793,-76.6369)",,,1
-76.6564999999999,39.3161000000001,9921,2022/07/04 06:22:00+00,5B,2500 GWYNNS FALLS PKWY,BURGLARY,,,731,,,,,WESTERN,MONDAWMIN,39.3161,-76.6565,"(39.3161,-76.6565)",,,1
-76.6281,39.3120000000001,9934,2022/07/04 20:45:00+00,5F,1900 PARK AVE,BURGLARY,,,133,M,44,BLACK_OR_AFRICAN_AMERICAN,,CENTRAL,RESERVOIR HILL,39.312,-76.6281,"(39.312,-76.6281)",,,1
-76.6281,39.3120000000001,9935,2022/07/04 20:45:00+00,5F,1900 PARK AVE,BURGLARY,,,133,F,36,BLACK_OR_AFRICAN_AMERICAN,UNKNOWN,CENTRAL,RESERVOIR HILL,39.312,-76.6281,"(39.312,-76.6281)",,,1
-76.6369999999999,39.3148,9936,2022/07/04 12:00:00+00,5F,900 CHAUNCEY AVE,BURGLARY,,,133,M,44,BLACK_OR_AFRICAN_AMERICAN,NOT_HISPANIC_OR_LATINO,CENTRAL,RESERVOIR HILL,39.3148,-76.637,"(39.3148,-76.637)",,,1
-76.6018999999999,39.3083,9958,2022/07/04 02:35:00+00,5F,1200 E FEDERAL ST,BURGLARY,,,314,F,30,BLACK_OR_AFRICAN_AMERICAN,,EASTERN,OLIVER,39.3083,-76.6019,"(39.3083,-76.6019)",,Eastern 1,1
-76.6797,39.2934000000001,9966,2022/07/04 20:00:00+00,5A,500 MOUNT HOLLY ST,BURGLARY,,,824,F,40,BLACK_OR_AFRICAN_AMERICAN,NOT_HISPANIC_OR_LATINO,SOUTHWEST,ALLENDALE,39.2934,-76.6797,"(39.2934,-76.6797)",,,1
-76.6369,39.2793,9968,2022/07/04 19:52:00+00,5F,1400 WASHINGTON BLVD,BURGLARY,,,935,M,42,,,SOUTHERN,WASHINGTON VILLAGE/PIGTOWN,39.2793,-76.6369,"(39.2793,-76.6369)",,,1
-76.5839,39.2829,10368,2022/07/30 00:41:00+00,5B,2300 BOSTON ST,BURGLARY,,,214,,,,,SOUTHEAST,CANTON,39.2829,-76.5839,"(39.2829,-76.5839)",,,1
-76.6584999999999,39.3381000000001,10375,2022/07/30 13:30:00+00,5A,2400 LOYOLA SOUTHWAY,BURGLARY,,,533,F,31,BLACK_OR_AFRICAN_AMERICAN,,NORTHERN,GREENSPRING,39.3381,-76.6585,"(39.3381,-76.6585)",,,1
-76.5685999999999,39.2811,10419,2022/07/30 02:56:00+00,5A,1000 S HIGHLAND AVE,BURGLARY,,,214,F,24,WHITE,,SOUTHEAST,CANTON,39.2811,-76.5686,"(39.2811,-76.5686)",,,1
-76.5844,39.2867000000001,10432,2022/07/30 02:30:00+00,5A,400 S PATTERSON PARK AVE,BURGLARY,,,212,M,59,WHITE,UNKNOWN,SOUTHEAST,UPPER FELLS POINT,39.2867,-76.5844,"(39.2867,-76.5844)",,,1
-76.6154,39.2944000000001,10512,2022/07/30 08:00:00+00,5A,400 N CHARLES ST,BURGLARY,,,114,M,28,WHITE,,CENTRAL,DOWNTOWN,39.2944,-76.6154,"(39.2944,-76.6154)",,,1
-76.6412,39.3034000000001,10515,2022/07/30 19:45:00+00,5A,1300 WHATCOAT ST,BURGLARY,,,724,F,22,BLACK_OR_AFRICAN_AMERICAN,,WESTERN,SANDTOWN-WINCHESTER,39.3034,-76.6412,"(39.3034,-76.6412)",,Central,1
-76.6752,39.3698000000001,10590,2022/07/29 21:20:00+00,5A,6200 GREEN MEADOW PKWY,BURGLARY,,,632,F,35,BLACK_OR_AFRICAN_AMERICAN,NOT_HISPANIC_OR_LATINO,NORTHWEST,CHESWOLDE,39.3698,-76.6752,"(39.3698,-76.6752)",,,1
-76.6836,39.2676000000001,10593,2022/07/29 12:34:00+00,5F,3800 SOUTHWESTERN BLVD,BURGLARY,,,832,,,,,SOUTHWEST,VIOLETVILLE,39.2676,-76.6836,"(39.2676,-76.6836)",,,1
-76.6147999999999,39.3101,10594,2022/07/29 00:01:00+00,5F,1800 SAINT PAUL ST,BURGLARY,,PERSONAL_WEAPONS,134,F,18,BLACK_OR_AFRICAN_AMERICAN,,CENTRAL,GREENMOUNT WEST,39.3101,-76.6148,"(39.3101,-76.6148)",,,1
-76.5824,39.282,10793,2022/07/29 19:30:00+00,5B,2400 BOSTON ST,BURGLARY,,,214,,,,,SOUTHEAST,CANTON,39.282,-76.5824,"(39.282,-76.5824)",,,1
-76.6312,39.3052000000001,10804,2022/07/29 15:40:00+00,5A,1600 MCCULLOH ST,BURGLARY,,,123,,,,,CENTRAL,UPTON,39.3052,-76.6312,"(39.3052,-76.6312)",,,1
-76.5957999999999,39.2945,11029,2022/07/29 17:30:00+00,5A,1600 MULLIKIN CT,BURGLARY,,,212,F,28,BLACK_OR_AFRICAN_AMERICAN,UNKNOWN,SOUTHEAST,DUNBAR-BROADWAY,39.2945,-76.5958,"(39.2945,-76.5958)",,,1
-76.5833,39.3048000000001,11030,2022/07/29 18:20:00+00,5F,2400 E BIDDLE ST,BURGLARY,,,331,M,59,,,EASTERN,BROADWAY EAST,39.3048,-76.5833,"(39.3048,-76.5833)",,Eastern 2,1
-76.6362999999999,39.3169,11082,2022/07/28 17:25:00+00,5B,900 DRUID PARK LAKE DR,BURGLARY,,,531,M,41,BLACK_OR_AFRICAN_AMERICAN,,NORTHERN,RESERVOIR HILL,39.3169,-76.6363,"(39.3169,-76.6363)",,,1
-76.6147,39.318,11146,2022/07/28 19:00:00+00,5B,100 E 25TH ST,BURGLARY,,,512,,,,,NORTHERN,CHARLES VILLAGE,39.318,-76.6147,"(39.318,-76.6147)",,,1
-76.6460999999999,39.289,11321,2022/07/28 14:00:00+00,5A,1800 W FAIRMOUNT AVE,BURGLARY,,,711,M,34,BLACK_OR_AFRICAN_AMERICAN,NOT_HISPANIC_OR_LATINO,WESTERN,FRANKLIN SQUARE,39.289,-76.6461,"(39.289,-76.6461)",,,1
-76.6152,39.3155,11324,2022/07/28 19:30:00+00,5F,2300 ST PAUL ST,BURGLARY,,,514,F,28,BLACK_OR_AFRICAN_AMERICAN,,NORTHERN,BARCLAY,39.3155,-76.6152,"(39.3155,-76.6152)",,,1
-76.6708,39.3463,11333,2022/07/28 17:00:00+00,5A,4800 PALMER AVE,BURGLARY,,,614,,,,,NORTHWEST,CENTRAL PARK HEIGHTS,39.3463,-76.6708,"(39.3463,-76.6708)",,,1
-76.5887,39.2969000000001,11340,2022/07/28 20:30:00+00,5F,500 N CASTLE ST,BURGLARY,,,321,,,,,EASTERN,CARE,39.2969,-76.5887,"(39.2969,-76.5887)",,,1
-76.6015,39.3510000000001,11395,2022/07/03 13:15:00+00,5A,1000 BEAUMONT AVE,BURGLARY,,,524,F,39,BLACK_OR_AFRICAN_AMERICAN,NOT_HISPANIC_OR_LATINO,NORTHERN,KENILWORTH PARK,39.351,-76.6015,"(39.351,-76.6015)",,,1
-76.6661,39.2733000000001,11419,2022/07/03 22:54:00+00,5F,1000 DESOTO RD,BURGLARY,,,832,F,55,WHITE,NOT_HISPANIC_OR_LATINO,SOUTHWEST,WILHELM PARK,39.2733,-76.6661,"(39.2733,-76.6661)",,,1
-76.6516999999999,39.2664,11657,2022/07/28 19:25:00+00,5A,1900 HARMAN AVE,BURGLARY,,,831,M,61,BLACK_OR_AFRICAN_AMERICAN,NOT_HISPANIC_OR_LATINO,SOUTHWEST,MORRELL PARK,39.2664,-76.6517,"(39.2664,-76.6517)",,,1
-76.6566999999999,39.2877,11664,2022/07/27 17:00:00+00,5A,2500 W BALTIMORE ST,BURGLARY,,,835,M,44,,HISPANIC_OR_LATINO,SOUTHWEST,SHIPLEY HILL,39.2877,-76.6567,"(39.2877,-76.6567)",,,1
-76.6767,39.2722000000001,11690,2022/07/03 10:00:00+00,5B,3500 WILKENS AVE,BURGLARY,,,832,M,59,BLACK_OR_AFRICAN_AMERICAN,NOT_HISPANIC_OR_LATINO,SOUTHWEST,SAINT AGNES,39.2722,-76.6767,"(39.2722,-76.6767)",,,1
-76.5937,39.2864000000001,11691,2022/07/03 16:57:00+00,5F,400 S BROADWAY,BURGLARY,,,213,M,30,WHITE,,SOUTHEAST,FELLS POINT,39.2864,-76.5937,"(39.2864,-76.5937)",,,1
-76.6924,39.3252000000001,11697,2022/07/03 03:58:00+00,5A,4300 WENTWORTH RD,BURGLARY,,,621,,,,,NORTHWEST,FOREST PARK GOLF COURSE,39.3252,-76.6924,"(39.3252,-76.6924)",,,1
-76.6272999999999,39.2791,11709,2022/07/03 10:30:00+00,5F,1100 S PACA ST,BURGLARY,,,932,M,31,ASIAN,,SOUTHERN,WASHINGTON VILLAGE/PIGTOWN,39.2791,-76.6273,"(39.2791,-76.6273)",,,1
-76.6853,39.3358000000001,11935,2022/07/27 13:00:00+00,5A,4000 OAKFORD AVE,BURGLARY,,,621,M,31,WHITE,UNKNOWN,NORTHWEST,DORCHESTER,39.3358,-76.6853,"(39.3358,-76.6853)",,,1
-76.6052,39.2900000000001,11946,2022/07/27 01:00:00+00,5B,800 E BALTIMORE ST,BURGLARY,,,211,,,,,SOUTHEAST,JONESTOWN,39.29,-76.6052,"(39.29,-76.6052)",,,1
-76.6491,39.3096,11999,2022/07/03 07:00:00+00,5A,1900 W NORTH AVE,BURGLARY,,,735,M,35,BLACK_OR_AFRICAN_AMERICAN,UNKNOWN,WESTERN,EASTERWOOD,39.3096,-76.6491,"(39.3096,-76.6491)",,Western,1
-76.6348,39.3351000000001,12002,2022/07/03 00:00:00+00,5A,3800 HICKORY AVE,BURGLARY,,,531,M,29,WHITE,,NORTHERN,HAMPDEN,39.3351,-76.6348,"(39.3351,-76.6348)",,,1
-76.5966,39.3518,12012,2022/07/03 21:00:00+00,5A,5100 NORTHWOOD DR,BURGLARY,,,413,M,43,BLACK_OR_AFRICAN_AMERICAN,UNKNOWN,NORTHEAST,NEW NORTHWOOD,39.3518,-76.5966,"(39.3518,-76.5966)",,,1
-76.6147,39.3306000000001,12284,2022/07/27 10:00:00+00,5B,200 E UNIVERSITY PKWY,BURGLARY,,,512,,,,,NORTHERN,OAKENSHAWE,39.3306,-76.6147,"(39.3306,-76.6147)",,,1
-76.617,39.3188000000001,12288,2022/07/27 20:48:00+00,5F,2500 N CHARLES ST,BURGLARY,,,512,,,,,NORTHERN,CHARLES VILLAGE,39.3188,-76.617,"(39.3188,-76.617)",,,1
-76.6015,39.2321000000001,12300,2022/07/27 13:45:00+00,5A,3900 8TH ST,BURGLARY,,,913,M,49,BLACK_OR_AFRICAN_AMERICAN,,SOUTHERN,BROOKLYN,39.2321,-76.6015,"(39.2321,-76.6015)",,,1
-76.6856999999999,39.3386,12340,2022/07/27 17:30:00+00,5A,4000 PENHURST AVE,BURGLARY,,,621,M,40,BLACK_OR_AFRICAN_AMERICAN,NOT_HISPANIC_OR_LATINO,NORTHWEST,WEST ARLINGTON,39.3386,-76.6857,"(39.3386,-76.6857)",,,1
-76.6631,39.2955000000001,12369,2022/07/27 14:00:00+00,5A,2800 HARLEM AVE,BURGLARY,,,721,F,37,BLACK_OR_AFRICAN_AMERICAN,UNKNOWN,WESTERN,MOSHER,39.2955,-76.6631,"(39.2955,-76.6631)",,,1
-76.6002999999999,39.3198,12388,2022/07/27 14:00:00+00,5F,2500 KIRK AVE,BURGLARY,,,411,M,40,BLACK_OR_AFRICAN_AMERICAN,,NORTHEAST,COLDSTREAM HOMESTEAD MONTEBELLO,39.3198,-76.6003,"(39.3198,-76.6003)",,,1
-76.6727,39.3131000000001,12435,2022/07/27 10:00:00+00,5A,3300 ELGIN AVE,BURGLARY,,,811,M,46,BLACK_OR_AFRICAN_AMERICAN,UNKNOWN,SOUTHWEST,WALBROOK,39.3131,-76.6727,"(39.3131,-76.6727)",,,1
-76.6245,39.2976,12442,2022/07/27 17:00:00+00,5A,500 HALF MILE CT,BURGLARY,,,125,F,40,BLACK_OR_AFRICAN_AMERICAN,,CENTRAL,SETON HILL,39.2976,-76.6245,"(39.2976,-76.6245)",,,1
-76.6743999999999,39.3145000000001,12608,2022/07/26 14:00:00+00,5A,2400 DENISON ST,BURGLARY,,,624,,,,,NORTHWEST,HANLON-LONGWOOD,39.3145,-76.6744,"(39.3145,-76.6744)",,,1
-76.6677999999999,39.308,12609,2022/07/26 15:00:00+00,5A,3000 WESTWOOD AVE,BURGLARY,,,813,,,,,SOUTHWEST,NORTHWEST COMMUNITY ACTION,39.308,-76.6678,"(39.308,-76.6678)",,,1
-76.585,39.2845,12654,2022/07/26 17:30:00+00,5F,2200 ESSEX ST,BURGLARY,,,214,F,55,WHITE,NOT_HISPANIC_OR_LATINO,SOUTHEAST,CANTON,39.2845,-76.585,"(39.2845,-76.585)",,,1
-76.6145,39.3305,12659,2022/07/26 14:00:00+00,5A,200 E UNIVERSITY PKWY,BURGLARY,,,512,M,20,WHITE,UNKNOWN,NORTHERN,OAKENSHAWE,39.3305,-76.6145,"(39.3305,-76.6145)",,,1
-76.6145,39.3305,12663,2022/07/26 14:00:00+00,5A,200 E UNIVERSITY PKWY,BURGLARY,,,512,M,19,ASIAN,UNKNOWN,NORTHERN,OAKENSHAWE,39.3305,-76.6145,"(39.3305,-76.6145)",,,1
-76.6145,39.3305,12664,2022/07/26 14:00:00+00,5A,200 E UNIVERSITY PKWY,BURGLARY,,,512,M,21,BLACK_OR_AFRICAN_AMERICAN,UNKNOWN,NORTHERN,OAKENSHAWE,39.3305,-76.6145,"(39.3305,-76.6145)",,,1
-76.6145,39.3305,12665,2022/07/26 14:00:00+00,5A,200 E UNIVERSITY PKWY,BURGLARY,,,512,M,20,ASIAN,UNKNOWN,NORTHERN,OAKENSHAWE,39.3305,-76.6145,"(39.3305,-76.6145)",,,1
-76.6145,39.3305,12666,2022/07/26 14:00:00+00,5A,200 E UNIVERSITY PKWY,BURGLARY,,,512,M,19,ASIAN,UNKNOWN,NORTHERN,OAKENSHAWE,39.3305,-76.6145,"(39.3305,-76.6145)",,,1
-76.6145,39.3305,12667,2022/07/26 14:00:00+00,5A,200 E UNIVERSITY PKWY,BURGLARY,,,512,M,19,WHITE,UNKNOWN,NORTHERN,OAKENSHAWE,39.3305,-76.6145,"(39.3305,-76.6145)",,,1
-76.6369,39.3094,12738,2022/07/02 12:08:00+00,5A,400 GOLD ST,BURGLARY,,,131,M,52,BLACK_OR_AFRICAN_AMERICAN,,CENTRAL,DRUID HEIGHTS,39.3094,-76.6369,"(39.3094,-76.6369)",,,1
-76.6512,39.2825,12740,2022/07/02 13:40:00+00,5F,400 S SMALLWOOD ST,BURGLARY,,,834,F,74,BLACK_OR_AFRICAN_AMERICAN,UNKNOWN,SOUTHWEST,CARROLLTON RIDGE,39.2825,-76.6512,"(39.2825,-76.6512)",,Tri-District,1
-76.6557999999999,39.3101,12744,2022/07/02 04:00:00+00,5F,2400 ST STEPHENS CT,BURGLARY,,,731,F,21,BLACK_OR_AFRICAN_AMERICAN,,WESTERN,MONDAWMIN,39.3101,-76.6558,"(39.3101,-76.6558)",,,1
-76.6578,39.2821000000001,12758,2022/07/02 20:30:00+00,5F,300 MILLINGTON AVE,BURGLARY,,,835,M,58,ASIAN,UNKNOWN,SOUTHWEST,MILLHILL,39.2821,-76.6578,"(39.2821,-76.6578)",,,1
-76.5681999999999,39.2919000000001,12772,2022/07/02 22:30:00+00,5A,3400 LEVERTON AVE,BURGLARY,,,223,M,20,BLACK_OR_AFRICAN_AMERICAN,,SOUTHEAST,BALTIMORE HIGHLANDS,39.2919,-76.5682,"(39.2919,-76.5682)",,,1
-76.6792,39.3352,13223,2022/07/26 19:30:00+00,5F,3800 W COLD SPRING LN,BURGLARY,,,623,F,39,AMERICAN_INDIAN_OR_ALASKA_NATIVE,NOT_HISPANIC_OR_LATINO,NORTHWEST,CALLAWAY-GARRISON,39.3352,-76.6792,"(39.3352,-76.6792)",,,1
-76.5439,39.3657000000001,13224,2022/07/26 18:00:00+00,5F,3100 ORLANDO AVE,BURGLARY,,,424,M,47,,HISPANIC_OR_LATINO,NORTHEAST,NORTH HARFORD ROAD,39.3657,-76.5439,"(39.3657,-76.5439)",,,1
-76.669,39.3489000000001,13234,2022/07/26 05:30:00+00,5A,4900 PEMBRIDGE AVE,BURGLARY,,,614,M,52,BLACK_OR_AFRICAN_AMERICAN,NOT_HISPANIC_OR_LATINO,NORTHWEST,CENTRAL PARK HEIGHTS,39.3489,-76.669,"(39.3489,-76.669)",,,1
-76.5982,39.2938,13330,2022/07/02 01:00:00+00,5F,200 SILVER CT,BURGLARY,,,212,F,24,BLACK_OR_AFRICAN_AMERICAN,,SOUTHEAST,DUNBAR-BROADWAY,39.2938,-76.5982,"(39.2938,-76.5982)",,,1
-76.6716,39.3418,13331,2022/07/02 03:30:00+00,5A,3400 DUPONT AVE,BURGLARY,,,614,M,50,BLACK_OR_AFRICAN_AMERICAN,NOT_HISPANIC_OR_LATINO,NORTHWEST,CENTRAL PARK HEIGHTS,39.3418,-76.6716,"(39.3418,-76.6716)",,,1
-76.6475,39.2973000000001,13340,2022/07/02 14:50:00+00,5A,700 N MONROE ST,BURGLARY,,,722,M,42,BLACK_OR_AFRICAN_AMERICAN,NOT_HISPANIC_OR_LATINO,WESTERN,MIDTOWN-EDMONDSON,39.2973,-76.6475,"(39.2973,-76.6475)",,,1
-76.5298,39.3421000000001,13347,2022/07/02 13:00:00+00,5B,4800 HAZELWOOD AVE,BURGLARY,,,445,,,,,NORTHEAST,FRANKFORD,39.3421,-76.5298,"(39.3421,-76.5298)",,,1
-76.6058,39.3117,13357,2022/07/02 21:15:00+00,5B,900 E NORTH AVE,BURGLARY,,,312,,,,,EASTERN,EAST BALTIMORE MIDWAY,39.3117,-76.6058,"(39.3117,-76.6058)",,,1
-76.6093999999999,39.3344000000001,13594,2022/07/02 17:00:00+00,5B,3700 GREENMOUNT AVE,BURGLARY,,,525,,,,,NORTHERN,WAVERLY,39.3344,-76.6094,"(39.3344,-76.6094)",,,1
-76.6129999999999,39.3203,13603,2022/07/02 18:00:00+00,5A,2600 GUILFORD AVE,BURGLARY,,,512,M,51,WHITE,,NORTHERN,HARWOOD,39.3203,-76.613,"(39.3203,-76.613)",,,1
-76.6129999999999,39.3203,13604,2022/07/02 18:00:00+00,5A,2600 GUILFORD AVE,BURGLARY,,,512,F,45,WHITE,,NORTHERN,HARWOOD,39.3203,-76.613,"(39.3203,-76.613)",,,1
-76.6758,39.2939000000001,13612,2022/07/02 20:25:00+00,5A,3500 EDMONDSON AVE,BURGLARY,,PERSONAL_WEAPONS,815,M,33,BLACK_OR_AFRICAN_AMERICAN,UNKNOWN,SOUTHWEST,ALLENDALE,39.2939,-76.6758,"(39.2939,-76.6758)",,,1
-76.6631,39.2955000000001,13614,2022/07/26 18:47:00+00,5A,2800 HARLEM AVE,BURGLARY,,,721,F,37,BLACK_OR_AFRICAN_AMERICAN,UNKNOWN,WESTERN,MOSHER,39.2955,-76.6631,"(39.2955,-76.6631)",,,1
-76.7091,39.3075000000001,13623,2022/07/26 10:04:00+00,5B,1900 N FOREST PARK AVE,BURGLARY,,,821,F,39,BLACK_OR_AFRICAN_AMERICAN,UNKNOWN,SOUTHWEST,FRANKLINTOWN,39.3075,-76.7091,"(39.3075,-76.7091)",,,1
-76.6876,39.3288000000001,13628,2022/07/26 21:00:00+00,5A,4100 LIBERTY HEIGHTS AVE,BURGLARY,,,621,M,43,,NOT_HISPANIC_OR_LATINO,NORTHWEST,CENTRAL FOREST PARK,39.3288,-76.6876,"(39.3288,-76.6876)",,,1
-76.624,39.2852,13702,2022/07/26 18:11:00+00,5F,600 PORTLAND ST,BURGLARY,,,941,M,22,WHITE,,SOUTHERN,RIDGELY'S DELIGHT,39.2852,-76.624,"(39.2852,-76.624)",,,1
-76.624,39.2852,13703,2022/07/26 18:11:00+00,5F,600 PORTLAND ST,BURGLARY,,,941,M,25,BLACK_OR_AFRICAN_AMERICAN,,SOUTHERN,RIDGELY'S DELIGHT,39.2852,-76.624,"(39.2852,-76.624)",,,1
-76.604,39.2725,13708,2022/07/26 09:12:00+00,5F,700 E FORT AVE,BURGLARY,,,943,F,48,WHITE,,SOUTHERN,RIVERSIDE,39.2725,-76.604,"(39.2725,-76.604)",,,1
-76.6761,39.2966000000001,13714,2022/07/26 11:00:00+00,5F,700 N GRANTLEY ST,BURGLARY,,,815,F,52,BLACK_OR_AFRICAN_AMERICAN,NOT_HISPANIC_OR_LATINO,SOUTHWEST,EDGEWOOD,39.2966,-76.6761,"(39.2966,-76.6761)",,,1
-76.6185,39.2980000000001,13776,2022/07/26 23:00:00+00,5F,700 PARK AVE,BURGLARY,,,124,F,49,ASIAN,,CENTRAL,MOUNT VERNON,39.298,-76.6185,"(39.298,-76.6185)",,,1
-76.6185,39.2980000000001,13777,2022/07/26 23:00:00+00,5F,700 PARK AVE,BURGLARY,,,124,M,50,,,CENTRAL,MOUNT VERNON,39.298,-76.6185,"(39.298,-76.6185)",,,1
-76.6131,39.3209000000001,13787,2022/07/26 23:00:00+00,5F,2700 GUILFORD AVE,BURGLARY,,,512,M,27,WHITE,HISPANIC_OR_LATINO,NORTHERN,CHARLES VILLAGE,39.3209,-76.6131,"(39.3209,-76.6131)",,,1
-76.5722,39.2834,13790,2022/07/26 17:00:00+00,5F,3100 FAIT AVE,BURGLARY,,,214,M,34,WHITE,,SOUTHEAST,CANTON,39.2834,-76.5722,"(39.2834,-76.5722)",,,1
-76.5681,39.2875000000001,13903,2022/07/02 15:00:00+00,5A,3500 BANK ST,BURGLARY,,,225,M,38,WHITE,NOT_HISPANIC_OR_LATINO,SOUTHEAST,HIGHLANDTOWN,39.2875,-76.5681,"(39.2875,-76.5681)",,,1
-76.6337,39.3281000000001,13912,2022/07/02 19:00:00+00,5A,3300 FALLS RD,BURGLARY,,,531,F,38,BLACK_OR_AFRICAN_AMERICAN,,NORTHERN,HAMPDEN,39.3281,-76.6337,"(39.3281,-76.6337)",,,1
-76.6761,39.2966000000001,13935,2022/07/25 11:59:00+00,5A,700 N GRANTLEY ST,BURGLARY,,,815,F,53,BLACK_OR_AFRICAN_AMERICAN,NOT_HISPANIC_OR_LATINO,SOUTHWEST,EDGEWOOD,39.2966,-76.6761,"(39.2966,-76.6761)",,,1
-76.7028999999999,39.3648000000001,14024,2022/07/25 12:00:00+00,5F,6900 PARK HEIGHTS AVE,BURGLARY,,,631,F,43,BLACK_OR_AFRICAN_AMERICAN,,NORTHWEST,FALLSTAFF,39.3648,-76.7029,"(39.3648,-76.7029)",,,1
-76.6152,39.3134000000001,16384,2022/07/01 16:45:00+00,5F,2100 SAINT PAUL ST,BURGLARY,,,514,F,29,WHITE,,NORTHERN,CHARLES NORTH,39.3134,-76.6152,"(39.3134,-76.6152)",,,1
-76.6871,39.2765000000001,16391,2022/07/01 13:53:00+00,5A,500 YALE AVE,BURGLARY,,,833,F,23,BLACK_OR_AFRICAN_AMERICAN,NOT_HISPANIC_OR_LATINO,SOUTHWEST,YALE HEIGHTS,39.2765,-76.6871,"(39.2765,-76.6871)",,,1
-76.6795,39.3360000000001,16392,2022/07/01 12:00:00+00,5F,3800 OAKFORD AVE,BURGLARY,,,623,M,70,BLACK_OR_AFRICAN_AMERICAN,NOT_HISPANIC_OR_LATINO,NORTHWEST,DOLFIELD,39.336,-76.6795,"(39.336,-76.6795)",,,1
-76.5687,39.2316000000001,16393,2022/07/01 14:30:00+00,5B,3600 LEO ST,BURGLARY,,,912,,,,,SOUTHERN,FAIRFIELD AREA,39.2316,-76.5687,"(39.2316,-76.5687)",,,1
-76.6106,39.2706000000001,16426,2022/07/01 01:00:00+00,5B,200 E HEATH ST,BURGLARY,,,942,,,,,SOUTHERN,RIVERSIDE,39.2706,-76.6106,"(39.2706,-76.6106)",,,1
-76.6312,39.3311,16427,2022/07/01 04:28:00+00,5B,800 W 36TH ST,BURGLARY,,,531,,,,,NORTHERN,HAMPDEN,39.3311,-76.6312,"(39.3311,-76.6312)",,,1
-76.6716,39.311,16429,2022/07/01 00:00:00+00,5B,3200 CLIFTON AVE,BURGLARY,,,811,,,,,SOUTHWEST,WALBROOK,39.311,-76.6716,"(39.311,-76.6716)",,,1
-76.6709999999999,39.2856,16431,2022/07/01 12:28:00+00,5A,0 S ABINGTON AVE,BURGLARY,,,835,,,,,SOUTHWEST,CARROLL-SOUTH HILTON,39.2856,-76.671,"(39.2856,-76.671)",,,1
-76.7089999999999,39.3613,16443,2022/07/01 23:00:00+00,5F,6900 REISTERSTOWN RD,BURGLARY,,,631,F,30,BLACK_OR_AFRICAN_AMERICAN,NOT_HISPANIC_OR_LATINO,NORTHWEST,FALLSTAFF,39.3613,-76.709,"(39.3613,-76.709)",,,1
-76.5995,39.3074,16444,2022/07/01 08:00:00+00,5A,1400 E OLIVER ST,BURGLARY,,,314,F,33,BLACK_OR_AFRICAN_AMERICAN,,EASTERN,OLIVER,39.3074,-76.5995,"(39.3074,-76.5995)",,Eastern 1,1
-76.648,39.3068000000001,16445,2022/07/01 03:00:00+00,5A,1600 N MONROE ST,BURGLARY,,,735,M,57,BLACK_OR_AFRICAN_AMERICAN,NOT_HISPANIC_OR_LATINO,WESTERN,EASTERWOOD,39.3068,-76.648,"(39.3068,-76.648)",,Western,1
-76.5687,39.2316000000001,16447,2022/07/01 14:30:00+00,5B,3600 LEO ST,BURGLARY,,,912,M,28,WHITE,,SOUTHERN,FAIRFIELD AREA,39.2316,-76.5687,"(39.2316,-76.5687)",,,1
-76.5631999999999,39.3692,16448,2022/07/01 00:05:00+00,5F,6800 STURBRIDGE DR,BURGLARY,,,423,F,20,BLACK_OR_AFRICAN_AMERICAN,,NORTHEAST,HAMILTON HILLS,39.3692,-76.5632,"(39.3692,-76.5632)",,,1
-76.6555999999999,39.2892000000001,16453,2022/07/01 11:00:00+00,5F,100 N WARWICK AVE,BURGLARY,,,835,M,55,,MIDDLE_EASTERN,SOUTHWEST,PENROSE/FAYETTE STREET OUTREACH,39.2892,-76.6556,"(39.2892,-76.6556)",,,1
-76.5706,39.3632000000001,16462,2022/07/01 20:30:00+00,5A,2200 LOUISE AVE,BURGLARY,,,423,F,71,BLACK_OR_AFRICAN_AMERICAN,,NORTHEAST,HAMILTON HILLS,39.3632,-76.5706,"(39.3632,-76.5706)",,,1
-76.6147999999999,39.2952000000001,16463,2022/07/01 01:00:00+00,5A,0 E FRANKLIN ST,BURGLARY,,,124,M,53,BLACK_OR_AFRICAN_AMERICAN,NOT_HISPANIC_OR_LATINO,CENTRAL,MOUNT VERNON,39.2952,-76.6148,"(39.2952,-76.6148)",,,1
-76.6346,39.2991000000001,16962,2022/07/01 08:00:00+00,5F,1000 W LAFAYETTE AVE,BURGLARY,,,724,M,76,BLACK_OR_AFRICAN_AMERICAN,NOT_HISPANIC_OR_LATINO,WESTERN,HARLEM PARK,39.2991,-76.6346,"(39.2991,-76.6346)",,Central,1
